r,b,swpd,free,buff,cache,si,so,bi,bo,in,cs,us,sy,id,wa,st

 0,0,0,1353620,49660,979764,0,0,148,12,486,203,2,1,98,0,0

 0,0,0,1353612,49660,979764,0,0,0,0,514,268,5,0,95,0,0

 0,0,0,1353612,49660,979764,0,0,0,0,461,212,3,1,96,0,0

 1,0,0,1353596,49660,979764,0,0,0,0,574,494,8,1,91,0,0

 1,0,0,1352084,49672,981396,0,0,12,16,536,838,36,7,58,0,0

 0,0,0,1352084,49672,981396,0,0,0,0,516,298,10,0,90,0,0

 1,0,0,1352084,49672,981396,0,0,0,0,472,217,6,0,94,0,0

 0,0,0,1352100,49672,981396,0,0,0,16,512,386,15,1,84,0,0

 0,0,0,1352100,49672,981396,0,0,0,0,448,251,15,1,84,0,0

 0,0,0,1352100,49680,981388,0,0,0,12,494,222,10,0,90,0,0

 0,0,0,1350232,49688,983104,0,0,1752,0,696,226,14,9,76,1,0

 0,0,0,1347384,49688,985536,0,0,2376,0,1255,441,17,23,60,0,0

 0,0,0,1346968,49688,985536,0,0,0,0,1446,421,9,26,65,0,0

 0,0,0,1347000,49688,985540,0,0,0,0,1473,420,20,29,52,0,0

 0,0,0,1347000,49688,985540,0,0,0,0,1565,401,10,24,66,0,0

 1,0,0,1346360,49696,985532,0,0,0,20,1526,442,19,23,57,0,0

 0,0,0,1347000,49696,985544,0,0,0,0,1590,440,19,26,55,0,0

 0,0,0,1347000,49696,985544,0,0,0,0,1597,414,14,32,54,0,0

 0,0,0,1346968,49696,985548,0,0,0,0,1515,433,17,28,55,0,0

 0,0,0,1346840,49696,985548,0,0,0,0,1264,417,11,17,72,0,0

 0,0,0,1346424,49704,985540,0,0,0,12,1608,438,10,24,66,0,0

 1,0,0,1345816,49704,985552,0,0,0,0,1508,469,16,25,59,0,0

 0,0,0,1346168,49704,985552,0,0,0,0,1549,639,12,25,63,0,0

 1,0,0,1345880,49704,985556,0,0,0,0,1499,443,11,23,67,0,0

 0,0,0,1346200,49704,985556,0,0,0,0,1002,379,16,16,67,0,0

 0,0,0,1345948,49704,985560,0,0,0,0,1934,487,10,30,60,0,0

 0,0,0,1345948,49712,985560,0,0,0,12,1954,515,17,32,51,0,0

 2,0,0,1345564,49728,985548,0,0,0,80,1751,503,22,31,46,1,0

 0,0,0,1345948,49728,985564,0,0,0,0,1456,428,13,24,63,0,0

 1,0,0,1345724,49728,985564,0,0,0,0,1868,473,20,34,46,0,0

 1,0,0,1345564,49728,985568,0,0,0,0,1411,420,12,19,69,0,0

 0,0,0,1345948,49728,985568,0,0,0,36,1773,501,5,29,66,0,0

 0,0,0,1343892,49752,985704,0,0,0,100,1303,712,8,25,66,0,0

 0,0,0,1343892,49752,985708,0,0,0,0,1639,439,12,26,63,0,0

 1,0,0,1343668,49752,985708,0,0,0,0,1761,438,5,27,68,0,0

 0,0,0,1343924,49752,985712,0,0,0,0,1817,437,8,25,67,0,0

 0,0,0,1343924,49752,985712,0,0,0,0,1735,441,6,22,71,0,0

 1,0,0,1343476,49760,985716,0,0,0,24,1672,413,7,22,71,0,0

 0,0,0,1343924,49760,985716,0,0,0,0,1406,429,12,21,67,0,0

 2,0,0,1343540,49760,985716,0,0,0,0,1807,433,7,28,65,0,0

 0,0,0,1343924,49760,985720,0,0,0,60,1522,429,8,23,69,0,0

 0,0,0,1343924,49760,985720,0,0,0,0,1988,500,10,30,61,0,0

 1,0,0,1344308,49768,985720,0,0,0,12,1883,533,7,27,66,0,0

 1,0,0,1344020,49768,985720,0,0,0,0,1983,453,7,33,60,0,0

 0,0,0,1344436,49768,985720,0,0,0,0,1519,412,8,20,72,0,0

 0,0,0,1344436,49768,985724,0,0,0,0,1829,413,6,28,66,0,0

 0,0,0,1344436,49768,985724,0,0,0,0,1892,474,8,25,67,0,0

 0,0,0,1344436,49776,985732,0,0,0,24,1515,420,8,24,69,0,0

 0,0,0,1344052,49776,985732,0,0,0,0,1932,443,6,29,65,0,0

 0,0,0,1344180,49776,985732,0,0,0,0,1710,462,8,34,58,0,0

 2,0,0,1344244,49776,985736,0,0,0,0,1680,433,9,24,67,0,0

 0,0,0,1344436,49776,985736,0,0,0,36,1471,411,5,17,78,0,0

 0,0,0,1344436,49784,985740,0,0,0,20,1734,634,13,28,60,0,0

 0,0,0,1344436,49784,985740,0,0,0,0,1068,350,5,12,82,0,0

 0,0,0,1344404,49784,985740,0,0,0,0,1363,387,6,17,77,0,0

 0,0,0,1344404,49784,985744,0,0,0,0,1754,466,9,29,62,0,0

 0,0,0,1344436,49784,985744,0,0,0,0,1572,419,5,25,69,0,0

 1,0,0,1344436,49792,985748,0,0,0,12,1590,424,7,26,66,1,0

 2,0,0,1344436,49792,985748,0,0,0,0,1245,365,6,16,78,0,0

 0,0,0,1344436,49792,985752,0,0,0,0,1483,367,6,19,75,0,0

 0,0,0,1344436,49792,985752,0,0,0,0,1401,401,7,22,71,0,0

 0,0,0,1344404,49792,985752,0,0,0,0,1412,435,7,21,71,0,0

 0,0,0,1344436,49800,985756,0,0,0,364,1683,466,8,27,65,0,0

 0,0,0,1344436,49800,985756,0,0,0,0,1154,403,7,18,75,0,0

 0,0,0,1344436,49800,985760,0,0,0,0,1561,391,6,24,70,0,0

 1,0,0,1344404,49800,985760,0,0,0,0,2088,478,7,37,57,0,0

 0,0,0,1344436,49800,985760,0,0,0,0,1383,408,9,20,71,0,0

 1,0,0,1344404,49808,985760,0,0,0,20,1772,427,6,27,67,0,0

 0,0,0,1344436,49808,985764,0,0,0,0,1534,438,9,22,69,0,0

 0,0,0,1344404,49808,985768,0,0,0,0,1384,376,6,20,74,0,0

 0,0,0,1344436,49808,985768,0,0,0,0,1685,416,6,29,65,0,0

 0,0,0,1344436,49808,985768,0,0,0,0,1527,476,7,27,66,0,0

 0,0,0,1344436,49816,985764,0,0,0,12,1618,419,5,26,69,0,0

 0,0,0,1344436,49816,985772,0,0,0,0,1469,419,7,24,69,0,0

 0,0,0,1344308,49816,985776,0,0,0,0,1545,429,8,25,67,0,0

 0,0,0,1344436,49816,985776,0,0,0,0,1534,455,5,27,68,0,0

 0,0,0,1344436,49816,985780,0,0,0,0,1589,444,9,27,64,0,0

 0,0,0,1344436,49824,985772,0,0,0,12,1258,411,8,22,70,0,0

 0,0,0,1344436,49824,985780,0,0,0,24,1315,379,5,18,77,0,0

 0,0,0,1344436,49824,985784,0,0,0,0,1466,408,8,19,73,0,0

 0,0,0,1344436,49824,985784,0,0,0,0,1740,453,6,28,66,0,0

 3,0,0,1344244,49824,985788,0,0,0,0,1674,458,6,24,69,0,0

 1,0,0,1344116,49832,985780,0,0,0,76,1821,624,7,31,62,0,0

 0,0,0,1344404,49832,985788,0,0,0,0,1178,357,6,13,81,0,0

 0,0,0,1344436,49832,985792,0,0,0,0,1560,409,6,23,70,0,0

 0,0,0,1344436,49832,985792,0,0,0,0,1513,403,9,19,72,0,0

 0,0,0,1344436,49832,985796,0,0,0,0,1330,411,6,17,77,0,0

 0,0,0,1344436,49840,985788,0,0,0,12,1409,441,5,29,66,0,0

 0,0,0,1344436,49840,985800,0,0,0,0,1677,434,7,24,68,0,0

 0,0,0,1344404,49840,985800,0,0,0,0,1212,337,6,15,79,0,0

 0,0,0,1344436,49840,985800,0,0,0,0,1102,362,8,12,80,0,0

 0,0,0,1344436,49840,985804,0,0,0,0,1472,410,7,18,74,0,0

 0,0,0,1344436,49840,985804,0,0,0,0,1472,372,9,21,70,0,0

 0,0,0,1344436,49848,985808,0,0,0,12,1782,485,7,31,62,0,0

 1,0,0,1344180,49848,985808,0,0,0,0,1775,455,4,31,65,0,0

 0,0,0,1344436,49848,985808,0,0,0,0,1285,366,6,17,77,0,0

 0,0,0,1344436,49848,985812,0,0,0,0,1551,452,8,22,69,0,0

 2,0,0,1343668,49848,985812,0,0,0,0,1464,424,6,26,68,0,0

 3,0,0,1344244,49856,985820,0,0,0,12,1624,456,15,28,57,0,0

 0,0,0,1344436,49856,985820,0,0,0,0,1533,439,11,22,67,0,0

 0,0,0,1344436,49856,985820,0,0,0,0,1251,366,7,19,73,0,0

 0,0,0,1344436,49856,985824,0,0,0,0,1561,476,10,28,62,0,0

 0,0,0,1344404,49856,985824,0,0,0,0,1904,469,6,32,62,0,0

 0,0,0,1344436,49864,985828,0,0,0,12,1674,458,6,23,71,0,0

 1,0,0,1344308,49864,985828,0,0,0,0,1853,468,8,36,56,0,0

 0,0,0,1343924,49864,985832,0,0,0,0,1893,463,6,32,62,0,0

 1,0,0,1344404,49864,985832,0,0,0,0,1424,449,10,22,68,0,0

 0,0,0,1344436,49864,985832,0,0,0,0,1229,382,7,21,72,0,0

 0,0,0,1344436,49872,985836,0,0,0,12,1522,470,6,30,64,0,0

 1,0,0,1344308,49872,985836,0,0,0,0,1299,407,12,22,67,0,0

 0,0,0,1344404,49872,985840,0,0,0,0,1538,463,6,30,64,0,0

 0,0,0,1344436,49872,985840,0,0,0,0,1629,445,6,26,68,0,0

 0,0,0,1344436,49872,985840,0,0,0,0,1505,429,12,29,58,0,0

 1,0,0,1344372,49880,985844,0,0,0,84,1558,620,6,31,61,1,0

 3,0,0,1343988,49880,985844,0,0,0,0,1640,423,8,28,64,0,0

 3,0,0,1344436,49880,985848,0,0,0,0,1633,471,9,41,50,0,0

 0,0,0,1344436,49880,985848,0,0,0,0,1978,497,7,35,57,0,0

 0,0,0,1344436,49880,985848,0,0,0,0,1143,362,7,19,74,0,0

 1,0,0,1343988,49888,985852,0,0,0,12,1584,468,7,30,63,0,0

 0,0,0,1344436,49888,985852,0,0,0,0,1663,444,7,27,65,0,0

 1,0,0,1344436,49888,985856,0,0,0,0,1487,364,5,24,71,0,0

 1,0,0,1344404,49888,985856,0,0,0,0,1415,455,8,27,65,0,0

 0,0,0,1344436,49888,985860,0,0,0,0,1441,424,6,31,63,0,0

 1,0,0,1344244,49896,985860,0,0,0,12,1415,409,7,22,70,0,0

 2,0,0,1344436,49896,985860,0,0,0,0,1557,404,7,27,66,0,0

 0,0,0,1344436,49896,985864,0,0,0,0,1805,423,5,34,61,0,0

 0,0,0,1344436,49896,985864,0,0,0,0,1706,491,8,38,54,0,0

 0,0,0,1344436,49896,985868,0,0,0,0,1083,335,7,14,79,0,0

 0,0,0,1344436,49904,985860,0,0,0,12,1551,405,4,30,66,0,0

 4,0,0,1343412,49904,985868,0,0,0,0,1560,449,9,25,67,0,0

 1,0,0,1343288,49904,986448,0,0,568,0,1778,493,8,34,58,0,0

 0,0,0,1343672,49904,986448,0,0,0,0,2367,550,6,43,51,0,0

 0,0,0,1343672,49904,986452,0,0,0,0,2146,523,8,36,56,0,0

 0,0,0,1343672,49912,986444,0,0,0,16,2313,480,5,38,57,0,0

 2,0,0,1343416,49912,986452,0,0,0,0,2179,504,9,36,55,0,0

 0,0,0,1343672,49912,986456,0,0,0,0,2384,539,7,37,56,0,0

 0,0,0,1343672,49912,986456,0,0,0,0,2193,527,6,36,58,0,0

 0,0,0,1343352,49912,986460,0,0,0,0,2499,578,10,47,43,0,0

 0,0,0,1343672,49920,986452,0,0,0,12,2182,528,5,38,57,0,0

 0,0,0,1343672,49920,986464,0,0,0,0,2185,479,8,36,56,0,0

 0,0,0,1343000,49920,986464,0,0,0,0,1994,458,8,34,58,0,0

 0,0,0,1343640,49920,986464,0,0,0,0,2150,452,7,32,61,0,0

 0,0,0,1343640,49920,986468,0,0,0,0,2180,483,6,40,54,0,0

 1,0,0,1342968,49928,986460,0,0,0,12,1965,688,10,33,54,3,0

 0,0,0,1343672,49928,986476,0,0,0,52,2325,489,6,36,58,0,0

 0,0,0,1343672,49928,986476,0,0,0,0,2160,508,10,41,49,0,0

 0,0,0,1343672,49928,986476,0,0,0,0,2191,539,10,39,51,0,0

 0,0,0,1343672,49928,986480,0,0,0,0,1890,484,9,35,56,0,0

 0,0,0,1343640,49936,986472,0,0,0,20,2010,492,7,33,60,0,0

 3,0,0,1343032,49936,986484,0,0,0,0,2070,476,6,34,60,0,0

 1,0,0,1343000,49936,986484,0,0,0,0,1935,442,9,30,61,0,0

 0,0,0,1343672,49936,986484,0,0,0,0,2398,538,8,43,49,0,0

 0,0,0,1343672,49936,986488,0,0,0,0,2409,510,7,43,49,0,0

 0,0,0,1343672,49936,986488,0,0,0,0,1706,443,10,27,64,0,0

 2,0,0,1343288,49944,986492,0,0,0,24,2004,500,6,33,61,0,0

 2,0,0,1343000,49944,986492,0,0,0,0,2032,465,7,34,59,0,0

 2,0,0,1343032,49944,986492,0,0,0,0,2276,553,12,41,47,0,0

 2,0,0,1343320,49944,986496,0,0,0,0,2215,534,7,39,53,0,0

 0,0,0,1343672,49944,986496,0,0,0,0,2072,514,10,37,53,0,0

 0,0,0,1343672,49952,986500,0,0,0,12,2064,532,11,41,48,0,0

 0,0,0,1343672,49952,986500,0,0,0,0,2176,488,5,38,56,0,0

 0,0,0,1343672,49952,986504,0,0,0,0,2255,574,10,47,43,0,0

 3,0,0,1343096,49952,986504,0,0,0,0,1994,449,8,37,55,0,0

 3,0,0,1342936,49952,986504,0,0,0,0,2193,485,8,43,49,0,0

 1,0,0,1343320,49960,986508,0,0,0,12,2155,502,11,36,53,0,0

 2,0,0,1342776,49960,986508,0,0,0,0,2231,502,6,37,57,0,0

 0,0,0,1343672,49960,986512,0,0,0,0,2323,534,9,47,44,0,0

 0,0,0,1343672,49960,986512,0,0,0,0,2012,476,10,38,52,0,0

 0,0,0,1343672,49960,986512,0,0,0,0,2342,504,6,40,54,0,0

 0,0,0,1343672,49968,986516,0,0,0,12,2000,539,12,37,51,0,0

 2,0,0,1343096,49968,986516,0,0,0,0,1853,483,8,29,63,0,0

 0,0,0,1343672,49968,986520,0,0,0,0,1931,460,9,34,57,0,0

 0,0,0,1343672,49968,986520,0,0,0,0,1977,491,6,38,56,0,0

 3,0,0,1342840,49968,986524,0,0,0,0,1859,670,9,33,59,0,0

 2,0,0,1343164,49980,986520,0,0,0,68,1862,468,7,38,56,0,0

 1,0,0,1343356,49980,986524,0,0,0,0,1849,482,6,35,59,0,0

 1,0,0,1343036,49992,986516,0,0,0,40,1780,529,11,33,56,0,0

 0,0,0,1343388,49992,986528,0,0,0,0,1960,434,6,37,57,0,0

 0,0,0,1343420,49992,986532,0,0,0,0,2380,598,11,49,40,0,0

 0,0,0,1343388,49992,986532,0,0,0,0,1785,438,8,31,62,0,0

 2,0,0,1342396,49992,986532,0,0,0,0,1858,517,7,36,58,0,0

 2,0,0,1342972,50000,986528,0,0,0,12,1948,560,11,41,48,0,0

 0,0,0,1343388,50000,986536,0,0,0,0,1823,493,8,39,53,0,0

 4,0,0,1342588,50000,986540,0,0,0,0,2007,531,11,43,46,0,0

 0,0,0,1343388,50000,986540,0,0,0,0,2000,509,8,45,47,0,0

 0,0,0,1343420,50000,986540,0,0,0,0,1697,439,6,30,63,0,0

 2,0,0,1341564,50000,986544,0,0,0,0,1771,532,10,40,49,0,0

 2,0,0,1343388,50008,986544,0,0,0,12,2036,480,9,44,47,0,0

 0,0,0,1343388,50008,986548,0,0,0,0,1806,451,9,36,56,0,0

 4,0,0,1342204,50008,986548,0,0,0,0,2333,581,11,51,38,0,0

 0,0,0,1343420,50008,986548,0,0,0,0,1801,466,9,41,49,0,0

 4,0,0,1341948,50008,986556,0,0,0,0,1555,494,9,34,57,0,0

 2,0,0,1341628,50016,986556,0,0,0,12,1767,518,9,43,48,0,0

 3,0,0,1342716,50016,986560,0,0,0,0,1992,489,7,44,49,0,0

 4,0,0,1341436,50016,986560,0,0,0,0,2027,511,8,41,51,0,0

 3,0,0,1341948,50016,986564,0,0,0,0,1912,532,10,45,44,0,0

 4,0,0,1343164,50024,986556,0,0,0,12,2017,487,14,41,45,0,0

 3,0,0,1342204,50024,986564,0,0,0,0,1762,465,6,35,58,0,0

 4,0,0,1342652,50024,986568,0,0,0,0,1786,464,13,32,55,0,0

 5,0,0,1342204,50024,986568,0,0,0,0,1519,425,4,31,65,0,0

 8,0,0,1341532,50024,986572,0,0,0,0,1807,488,9,36,55,0,0

 6,0,0,1342332,50032,986564,0,0,0,12,1737,453,7,40,53,0,0

 0,0,0,1343388,50032,986572,0,0,0,0,2201,497,9,43,48,0,0

 0,0,0,1343388,50032,986576,0,0,0,0,1970,687,13,45,42,0,0

 6,0,0,1342588,50032,986576,0,0,0,0,2162,532,7,47,47,0,0

 0,0,0,1343420,50032,986580,0,0,0,56,1671,430,12,27,60,0,0

 0,0,0,1343420,50044,986568,0,0,0,32,2165,590,14,44,41,1,0

 0,0,0,1342204,50044,986584,0,0,0,0,2147,485,8,37,55,0,0

 0,0,0,1343388,50044,986584,0,0,0,0,1667,391,8,31,61,0,0

 0,0,0,1343420,50044,986584,0,0,0,0,2114,543,16,48,36,0,0

 6,0,0,1342908,50044,986588,0,0,0,0,2060,539,6,48,47,0,0

 1,0,0,1343100,50052,986580,0,0,0,12,1751,487,7,29,63,0,0

 0,0,0,1343388,50052,986592,0,0,0,0,2199,518,7,41,52,0,0

 1,0,0,1342908,50052,986592,0,0,0,0,2163,502,9,45,46,0,0

 0,0,0,1343168,50052,986592,0,0,0,0,2013,512,9,37,55,0,0

 2,0,0,1342848,50052,986596,0,0,0,0,2144,531,10,45,45,0,0

 0,0,0,1343136,50052,986596,0,0,0,0,1735,439,6,35,59,0,0

 1,0,0,1343168,50060,986596,0,0,0,12,2137,575,12,43,45,0,0

 0,0,0,1343168,50060,986600,0,0,0,0,2247,560,14,38,48,0,0

 2,0,0,1342912,50060,986600,0,0,0,0,2424,535,6,41,53,0,0

 0,0,0,1343136,50060,986604,0,0,0,0,2020,502,11,40,49,0,0

 2,0,0,1343168,50060,986604,0,0,0,0,1848,470,5,35,59,0,0

 0,0,0,1343136,50068,986600,0,0,0,12,2221,530,12,43,45,0,0

 1,0,0,1342880,50068,986612,0,0,0,0,1974,439,8,30,62,0,0

 1,0,0,1342368,50068,986612,0,0,0,0,2237,511,12,47,41,0,0

 1,0,0,1341440,50068,986612,0,0,0,0,1821,486,9,37,55,0,0

 4,0,0,1343168,50068,986616,0,0,0,0,1908,529,10,43,48,0,0

 0,0,0,1343168,50076,986616,0,0,0,12,1885,483,8,38,54,0,0

 0,0,0,1343168,50076,986620,0,0,0,0,1526,470,11,31,59,0,0

 4,0,0,1342912,50076,986620,0,0,0,0,2078,522,12,49,39,0,0

 0,0,0,1343136,50076,986620,0,0,0,0,2004,496,8,42,51,0,0

 0,0,0,1343168,50076,986624,0,0,0,0,1620,462,7,27,65,0,0

 1,1,0,1341984,50084,986624,0,0,0,12,1824,464,5,36,59,0,0

 1,0,0,1343168,50084,986628,0,0,0,0,1889,660,13,47,39,1,0

 0,0,0,1343168,50084,986628,0,0,0,0,1874,466,7,38,55,0,0

 3,0,0,1340992,50084,986628,0,0,0,52,1669,458,6,36,57,0,0

 0,0,0,1343168,50084,986632,0,0,0,0,2197,563,15,51,34,0,0

 0,0,0,1343136,50096,986632,0,0,0,28,2266,511,8,41,52,0,0

 0,0,0,1343168,50096,986640,0,0,0,0,1845,469,9,32,59,0,0

 5,0,0,1341376,50096,986640,0,0,0,0,1674,427,7,32,62,0,0

 4,0,0,1341856,50096,986644,0,0,0,0,1996,513,9,41,51,0,0

 4,0,0,1341568,50096,986644,0,0,0,0,1764,461,12,39,49,0,0

 2,0,0,1342784,50104,986636,0,0,0,12,2131,535,10,55,35,0,0

 0,0,0,1343136,50104,986648,0,0,0,0,1974,492,9,42,49,0,0

 0,0,0,1343168,50104,986648,0,0,0,0,1717,468,10,40,51,0,0

 2,0,0,1341632,50104,986652,0,0,0,0,1857,452,5,41,53,0,0

 2,0,0,1342784,50104,986652,0,0,0,0,2202,527,10,46,44,0,0

 3,0,0,1342304,50104,986652,0,0,0,0,1657,431,11,34,54,0,0

 0,0,0,1343168,50112,986656,0,0,0,12,2170,507,8,48,44,0,0

 0,0,0,1342916,50112,986656,0,0,0,0,1884,588,9,44,47,0,0

 2,0,0,1342564,50112,986660,0,0,0,0,1961,488,8,33,59,0,0

 0,0,0,1342916,50112,986660,0,0,0,0,1708,425,8,36,57,0,0

 1,0,0,1342532,50112,986664,0,0,0,0,1988,463,10,40,50,0,0

 2,0,0,1342884,50120,986664,0,0,0,12,1620,458,11,36,53,0,0

 0,0,0,1342916,50120,986664,0,0,0,0,1589,414,6,23,71,0,0

 0,0,0,1342884,50120,986668,0,0,0,0,1705,423,8,25,67,0,0

 0,0,0,1342916,50120,986668,0,0,0,0,1410,400,5,18,77,0,0

 0,0,0,1342916,50120,986672,0,0,0,0,1871,418,8,27,65,0,0

 0,0,0,1342916,50128,986672,0,0,0,12,1751,465,8,26,66,0,0

 0,0,0,1342916,50128,986672,0,0,0,0,1394,374,5,19,76,0,0

 0,0,0,1342916,50128,986676,0,0,0,0,1725,425,9,24,66,0,0

 0,0,0,1342276,50128,986676,0,0,0,0,1675,447,11,29,60,0,0

 0,0,0,1342916,50128,986680,0,0,0,0,2071,483,8,32,60,0,0

 3,0,0,1342532,50136,986680,0,0,0,12,1816,638,11,28,60,0,0

 0,0,0,1342916,50136,986680,0,0,0,0,1232,363,9,16,75,0,0

 0,0,0,1342916,50136,986684,0,0,0,0,1842,424,5,32,63,0,0

 0,0,0,1342884,50136,986684,0,0,0,56,1989,514,10,32,57,0,0

 0,0,0,1342916,50136,986688,0,0,0,0,1844,440,6,32,62,0,0

 0,0,0,1342916,50148,986688,0,0,0,40,1972,487,7,36,57,0,0

 0,0,0,1342916,50148,986688,0,0,0,0,1361,399,10,20,70,0,0

 3,0,0,1342532,50148,986692,0,0,0,0,1237,381,6,15,78,0,0

 0,0,0,1342916,50148,986692,0,0,0,0,1815,451,9,28,63,0,0

 0,0,0,1342916,50148,986696,0,0,0,0,1907,473,8,33,60,0,0

 0,0,0,1342884,50156,986696,0,0,0,12,1666,428,7,25,68,0,0

 2,0,0,1342404,50156,986700,0,0,0,0,1668,445,7,25,67,0,0

 0,0,0,1342916,50156,986700,0,0,0,0,1955,468,8,37,56,0,0

 0,0,0,1342884,50156,986700,0,0,0,0,1563,433,6,23,70,0,0

 2,0,0,1342468,50156,986704,0,0,0,0,2076,519,11,36,53,0,0

 2,0,0,1342916,50164,986704,0,0,0,12,1488,447,15,23,63,0,0

 0,0,0,1342884,50164,986708,0,0,0,0,1741,413,7,28,65,0,0

 0,0,0,1342916,50164,986708,0,0,0,0,1421,408,9,16,75,0,0

 2,0,0,1342916,50164,986708,0,0,0,0,1337,387,6,20,74,0,0

 0,0,0,1342916,50164,986712,0,0,0,0,1903,440,8,29,63,0,0

 0,0,0,1342916,50172,986716,0,0,0,12,1299,381,9,19,72,0,0

 2,0,0,1342468,50172,986720,0,0,0,0,1846,439,8,38,54,0,0

 2,0,0,1342404,50172,986720,0,0,0,0,1704,415,6,28,66,0,0

 0,0,0,1342916,50172,986724,0,0,0,0,2215,507,10,35,55,0,0

 1,0,0,1342500,50172,986724,0,0,0,40,1775,417,7,26,66,0,0

 0,0,0,1342632,50184,986724,0,0,0,28,2119,518,15,40,45,0,0

 1,0,0,1342280,50184,986728,0,0,0,0,1590,414,6,25,69,0,0

 0,0,0,1342664,50184,986728,0,0,0,0,1892,454,7,32,61,0,0

 0,0,0,1342664,50184,986732,0,0,0,0,1780,479,10,25,65,0,0

 0,0,0,1342664,50184,986732,0,0,0,0,1675,429,8,27,65,0,0

 2,0,0,1342216,50192,986732,0,0,0,12,1674,618,10,32,58,0,0

 0,0,0,1342664,50192,986736,0,0,0,0,2063,503,9,34,57,0,0

 0,0,0,1342664,50192,986736,0,0,0,0,1667,409,7,26,67,0,0

 0,0,0,1342664,50192,986740,0,0,0,0,1483,434,10,20,69,0,0

 0,0,0,1342632,50192,986740,0,0,0,0,1943,470,11,32,57,0,0

 0,0,0,1342664,50200,986740,0,0,0,12,1407,393,5,22,73,0,0

 0,0,0,1342632,50200,986744,0,0,0,0,1804,469,9,33,58,0,0

 0,0,0,1342664,50200,986744,0,0,0,0,1437,397,10,18,72,0,0

 0,0,0,1342664,50200,986748,0,0,0,0,1290,377,8,18,74,0,0

 0,0,0,1342664,50200,986748,0,0,0,0,1805,475,11,32,57,0,0

 2,0,0,1342152,50208,986752,0,0,0,12,1845,461,7,30,63,0,0

 1,0,0,1342344,50208,986752,0,0,0,0,1238,344,8,18,74,0,0

 1,0,0,1342664,50208,986752,0,0,0,0,955,332,8,9,82,0,0

 0,0,0,1342664,50208,986756,0,0,0,0,1754,435,6,29,65,0,0

 0,0,0,1342664,50208,986756,0,0,0,36,1273,383,9,20,72,0,0

 0,0,0,1342664,50220,986760,0,0,0,28,1796,464,9,31,59,0,0

 1,0,0,1341448,50220,986760,0,0,0,0,1789,441,8,31,61,0,0

 1,0,0,1342280,50220,986760,0,0,0,0,1971,507,12,32,56,0,0

 1,0,0,1342600,50220,986764,0,0,0,0,2049,459,7,34,59,0,0

 1,0,0,1341512,50220,986764,0,0,0,0,1342,344,5,19,76,0,0

 2,0,0,1342344,50228,986768,0,0,0,12,1528,424,12,38,51,0,0

 0,0,0,1342664,50228,986768,0,0,0,0,1395,390,6,24,70,0,0

 0,0,0,1342664,50228,986768,0,0,0,0,1395,370,5,20,75,0,0

 0,0,0,1342664,50228,986772,0,0,0,0,1924,510,8,31,60,0,0

 0,0,0,1342664,50228,986772,0,0,0,0,1492,392,5,20,74,0,0

 0,0,0,1342664,50236,986776,0,0,0,12,1907,463,6,28,66,0,0

 1,0,0,1342664,50236,986776,0,0,0,12,1667,427,8,21,71,0,0

 0,0,0,1342664,50236,986780,0,0,0,0,1515,430,5,23,72,0,0

 0,0,0,1342632,50236,986780,0,0,0,0,1548,438,10,27,63,0,0

 0,0,0,1342664,50236,986780,0,0,0,0,2095,507,5,34,61,0,0

 0,0,0,1342664,50244,986784,0,0,0,12,1531,382,6,22,72,0,0

 0,0,0,1342664,50244,986784,0,0,0,0,1575,658,9,24,66,0,0

 0,0,0,1342664,50244,986788,0,0,0,0,1779,436,5,28,67,0,0

 0,0,0,1342664,50260,986776,0,0,0,80,1423,429,6,22,72,0,0

 2,0,0,1342664,50260,986792,0,0,0,36,1852,485,10,30,60,0,0

 0,0,0,1342664,50260,986796,0,0,0,0,1336,359,6,18,76,0,0

 0,0,0,1342664,50260,986796,0,0,0,0,1333,368,7,20,73,0,0

 1,0,0,1342280,50260,986800,0,0,0,0,2204,535,8,43,49,0,0

 0,0,0,1342664,50268,986792,0,0,0,28,1849,459,5,32,63,0,0

 0,0,0,1342664,50268,986800,0,0,0,0,2066,469,9,31,60,0,0

 1,0,0,1342216,50268,986804,0,0,0,0,2089,494,7,36,57,0,0

 1,0,0,1342280,50268,986804,0,0,0,0,1227,378,5,16,79,0,0

 0,0,0,1342664,50268,986808,0,0,0,0,1596,435,7,26,67,0,0

 2,0,0,1342280,50276,986800,0,0,0,12,1217,387,6,17,77,0,0

 4,0,0,1341580,50276,986812,0,0,0,0,1479,393,8,25,67,0,0

 0,0,0,1342028,50276,986812,0,0,0,0,1835,508,15,33,52,0,0

 0,0,0,1342412,50276,986812,0,0,0,0,1766,443,7,30,63,0,0

 0,0,0,1342380,50276,986816,0,0,0,0,1862,473,7,31,62,0,0

 0,0,0,1342412,50276,986816,0,0,0,0,1795,461,8,33,60,0,0

 0,0,0,1342412,50284,986816,0,0,0,12,1815,483,6,34,59,0,0

 0,0,0,1342412,50284,986820,0,0,0,0,1751,450,8,31,62,0,0

 0,0,0,1342412,50284,986820,0,0,0,0,1465,436,5,25,70,0,0

 0,0,0,1342412,50284,986824,0,0,0,0,1416,388,6,18,76,0,0

 0,0,0,1341580,50284,986824,0,0,0,0,1278,412,7,20,72,0,0

 0,0,0,1342412,50292,986828,0,0,0,12,1265,347,8,22,71,0,0

 2,0,0,1341132,50292,986828,0,0,0,0,1653,471,11,30,60,0,0

 0,0,0,1342412,50292,986828,0,0,0,0,1763,453,9,29,62,0,0

 3,0,0,1342220,50292,986832,0,0,0,0,1549,426,7,25,68,0,0

 1,0,0,1342412,50292,986832,0,0,0,0,1386,364,5,22,73,0,0

 0,0,0,1342412,50300,986836,0,0,0,12,1340,425,9,24,65,1,0

 1,0,0,1341964,50300,986836,0,0,0,0,1266,410,6,23,70,0,0

 0,0,0,1342412,50300,986840,0,0,0,0,1590,652,11,29,60,0,0

 0,0,0,1342412,50300,986840,0,0,0,0,1399,431,5,28,67,0,0

 0,0,0,1342412,50300,986840,0,0,0,0,1444,390,7,20,73,0,0

 0,0,0,1342380,50308,986844,0,0,0,60,1420,427,7,24,68,0,0

 3,0,0,1341964,50308,986844,0,0,0,56,1349,367,6,19,75,0,0

 0,0,0,1342412,50308,986848,0,0,0,0,1747,466,6,27,67,0,0

 0,0,0,1342380,50308,986848,0,0,0,0,1430,414,8,23,69,0,0

 1,0,0,1342028,50308,986848,0,0,0,0,2027,503,8,38,54,0,0

 0,0,0,1342412,50316,986852,0,0,0,24,1887,550,7,44,49,0,0

 0,0,0,1342412,50316,986852,0,0,0,0,1497,404,7,26,67,0,0

 5,0,0,1341708,50316,986856,0,0,0,0,1169,361,8,15,77,0,0

 2,0,0,1342412,50316,986856,0,0,0,0,2126,532,10,43,47,0,0

 0,0,0,1342412,50316,986856,0,0,0,0,1646,472,6,31,63,0,0

 0,0,0,1342380,50324,986860,0,0,0,12,1501,407,6,26,68,0,0

 0,0,0,1342412,50324,986860,0,0,0,0,1561,456,6,25,69,0,0

 0,0,0,1342160,50324,986864,0,0,0,0,1356,441,4,23,72,0,0

 0,0,0,1342160,50324,986864,0,0,0,0,430,213,8,0,92,0,0

 0,0,0,1342160,50324,986864,0,0,0,0,479,219,6,1,93,0,0

 0,0,0,1342160,50332,986856,0,0,0,12,436,196,5,0,95,0,0

 0,0,0,1342160,50332,986864,0,0,0,0,435,211,6,0,94,0,0

 0,0,0,1342160,50332,986864,0,0,0,0,444,216,7,0,93,0,0

 0,0,0,1342160,50332,986864,0,0,0,0,486,180,4,1,95,0,0

 1,0,0,1342160,50332,986864,0,0,0,0,469,252,10,1,89,0,0

 0,0,0,1341908,50332,986864,0,0,0,0,483,374,30,0,70,0,0

 0,0,0,1341876,50332,986908,0,0,0,0,445,207,16,1,83,0,0

 0,0,0,1341876,50332,986908,0,0,0,0,455,204,6,1,93,0,0

 0,0,0,1341876,50332,986908,0,0,0,0,481,190,6,1,93,0,0

 0,0,0,1341876,50332,986908,0,0,0,0,509,200,5,1,94,0,0

 0,0,0,1341876,50332,986908,0,0,0,0,492,218,7,1,92,0,0

 0,0,0,1341876,50340,986900,0,0,0,40,473,204,4,0,96,0,0

 0,0,0,1341876,50340,986908,0,0,0,0,462,365,7,2,91,0,0

 0,0,0,1341876,50340,986908,0,0,0,0,451,199,6,2,92,0,0

 0,0,0,1341876,50340,986908,0,0,0,0,481,217,5,0,95,0,0

 0,0,0,1341876,50340,986908,0,0,0,0,480,243,10,0,90,0,0

 0,0,0,1341876,50340,986908,0,0,0,0,484,189,5,1,94,0,0

 0,0,0,1341876,50340,986908,0,0,0,24,476,190,5,0,95,0,0

 0,0,0,1341876,50340,986908,0,0,0,0,465,222,7,0,93,0,0

 0,0,0,1341876,50340,986908,0,0,0,0,477,197,5,1,94,0,0

 0,0,0,1341876,50340,986908,0,0,0,0,463,186,5,0,95,0,0

 0,0,0,1341876,50340,986908,0,0,0,28,461,215,7,1,92,0,0

 0,0,0,1341876,50348,986900,0,0,0,24,478,203,4,1,95,0,0

 0,0,0,1341876,50348,986908,0,0,0,0,451,202,9,0,91,0,0

 0,0,0,1341876,50348,986908,0,0,0,0,458,220,8,1,91,0,0

 0,0,0,1341876,50348,986908,0,0,0,0,495,211,9,1,90,0,0

 0,0,0,1341876,50348,986908,0,0,0,0,447,295,7,1,92,0,0

 0,0,0,1341876,50348,986908,0,0,0,0,487,184,6,0,94,0,0
