1639413498945,51,Request
1639413498996,16,Request
1639413499013,16,Request
1639413499029,27,Request
1639413499056,17,Request
1639413499073,18,Request
1639413499091,16,Request
1639413499107,17,Request
1639413499124,16,Request
1639413499140,18,Request
1639413499159,17,Request
1639413499176,16,Request
1639413499192,27,Request
1639413499219,24,Request
1639413499243,17,Request
1639413499260,17,Request
1639413499277,16,Request
1639413499293,16,Request
1639413499309,16,Request
1639413499325,17,Request
1639413499342,29,Request
1639413499371,17,Request
1639413499388,18,Request
1639413499406,17,Request
1639413499423,17,Request
1639413499440,20,Request
1639413499460,28,Request
1639413499488,17,Request
1639413499505,17,Request
1639413499522,24,Request
1639413499547,18,Request
1639413499565,17,Request
1639413499582,17,Request
1639413499599,18,Request
1639413499617,17,Request
1639413499634,18,Request
1639413499652,16,Request
1639413499669,19,Request
1639413499688,16,Request
1639413499704,17,Request
1639413499722,19,Request
1639413499741,17,Request
1639413499758,17,Request
1639413499775,16,Request
1639413499791,18,Request
1639413499809,16,Request
1639413499825,16,Request
1639413499841,17,Request
1639413499859,17,Request
1639413499876,18,Request
1639413499894,18,Request
1639413499913,18,Request
1639413499931,17,Request
1639413499948,22,Request
1639413499970,17,Request
1639413499987,17,Request
1639413500004,18,Request
1639413500022,17,Request
1639413500039,16,Request
1639413500056,17,Request
1639413500074,19,Request
1639413500093,16,Request
1639413500110,17,Request
1639413500127,18,Request
1639413500144,29,Request
1639413500154,32,Request
1639413500173,31,Request
1639413500186,32,Request
1639413500205,34,Request
1639413500218,35,Request
1639413500239,31,Request
1639413500253,30,Request
1639413500270,30,Request
1639413500283,33,Request
1639413500300,33,Request
1639413500316,31,Request
1639413500333,32,Request
1639413500347,32,Request
1639413500365,34,Request
1639413500379,35,Request
1639413500399,31,Request
1639413500414,34,Request
1639413500430,29,Request
1639413500448,41,Request
1639413500460,31,Request
1639413500491,34,Request
1639413500489,36,Request
1639413500525,32,Request
1639413500525,34,Request
1639413500559,31,Request
1639413500557,33,Request
1639413500590,30,Request
1639413500590,34,Request
1639413500620,31,Request
1639413500624,36,Request
1639413500651,30,Request
1639413500660,29,Request
1639413500681,34,Request
1639413500690,28,Request
1639413500718,34,Request
1639413500715,37,Request
1639413500752,36,Request
1639413500752,38,Request
1639413500788,32,Request
1639413500790,31,Request
1639413500820,27,Request
1639413500821,35,Request
1639413500847,49,Request
1639413500856,45,Request
1639413500896,26,Request
1639413500901,28,Request
1639413500929,25,Request
1639413500924,30,Request
1639413500954,25,Request
1639413500956,27,Request
1639413500982,26,Request
1639413500983,25,Request
1639413501009,22,Request
1639413501011,43,Request
1639413501054,26,Request
1639413501037,44,Request
1639413501081,21,Request
1639413501082,27,Request
1639413501108,16,Request
1639413501109,27,Request
1639413501135,22,Request
1639413501136,27,Request
1639413501162,31,Request
1639413501164,37,Request
1639413501193,18,Request
1639413501201,26,Request
1639413501229,27,Request
1639413501221,38,Request
1639413501256,26,Request
1639413501259,27,Request
1639413501287,25,Request
1639413501283,30,Request
1639413501315,25,Request
1639413501314,27,Request
1639413501341,68,Request
1639413501340,83,Request
1639413501346,83,Request
1639413501423,42,Request
1639413501429,40,Request
1639413501409,62,Request
1639413501465,42,Request
1639413501469,42,Request
1639413501471,43,Request
1639413501507,38,Request
1639413501511,44,Request
1639413501514,49,Request
1639413501548,40,Request
1639413501555,39,Request
1639413501563,43,Request
1639413501588,44,Request
1639413501596,44,Request
1639413501606,39,Request
1639413501632,40,Request
1639413501640,45,Request
1639413501647,42,Request
1639413501672,37,Request
1639413501689,38,Request
1639413501685,42,Request
1639413501713,40,Request
1639413501727,45,Request
1639413501730,46,Request
1639413501753,39,Request
1639413501772,36,Request
1639413501776,40,Request
1639413501794,35,Request
1639413501817,36,Request
1639413501812,42,Request
1639413501834,38,Request
1639413501857,40,Request
1639413501854,52,Request
1639413501874,45,Request
1639413501897,101,Request
1639413501906,96,Request
1639413501919,88,Request
1639413502002,77,Request
1639413502007,75,Request
1639413501999,84,Request
1639413502083,39,Request
1639413502079,43,Request
1639413502082,41,Request
1639413502122,35,Request
1639413502122,40,Request
1639413502123,39,Request
1639413502163,53,Request
1639413502163,55,Request
1639413502163,55,Request
1639413502218,40,Request
1639413502219,39,Request
1639413502216,42,Request
1639413502258,50,Request
1639413502308,35,Request
1639413502258,86,Request
1639413502258,87,Request
1639413502347,41,Request
1639413502345,46,Request
1639413502354,44,Request
1639413502388,33,Request
1639413502398,44,Request
1639413502392,52,Request
1639413502434,49,Request
1639413502444,57,Request
1639413502442,60,Request
1639413502484,38,Request
1639413502501,31,Request
1639413502503,38,Request
1639413502524,35,Request
1639413502542,32,Request
1639413502543,32,Request
1639413502566,29,Request
1639413502581,45,Request
1639413502584,45,Request
1639413502623,34,Request
1639413502582,82,Request
1639413502638,44,Request
1639413502638,44,Request
1639413502670,42,Request
1639413502664,49,Request
1639413502689,45,Request
1639413502687,54,Request
1639413502718,55,Request
1639413502723,51,Request
1639413502741,52,Request
1639413502742,51,Request
1639413502773,61,Request
1639413502796,52,Request
1639413502796,53,Request
1639413502776,86,Request
1639413502834,52,Request
1639413502848,50,Request
1639413502849,52,Request
1639413502862,47,Request
1639413502888,49,Request
1639413502903,48,Request
1639413502902,51,Request
1639413502914,56,Request
1639413502941,52,Request
1639413502955,56,Request
1639413502956,56,Request
1639413502970,51,Request
1639413502994,57,Request
1639413503012,57,Request
1639413503011,63,Request
1639413503024,55,Request
1639413503051,52,Request
1639413503069,50,Request
1639413503074,54,Request
1639413503079,51,Request
1639413503106,55,Request
1639413503123,49,Request
1639413503129,52,Request
1639413503132,62,Request
1639413503162,57,Request
1639413503175,47,Request
1639413503182,55,Request
1639413503195,50,Request
1639413503219,45,Request
1639413503228,46,Request
1639413503237,49,Request
1639413503249,46,Request
1639413503272,49,Request
1639413503281,43,Request
1639413503290,52,Request
1639413503302,48,Request
1639413503325,52,Request
1639413503335,54,Request
1639413503342,52,Request
1639413503355,52,Request
1639413503378,44,Request
1639413503390,49,Request
1639413503397,52,Request
1639413503407,50,Request
1639413503431,51,Request
1639413503443,48,Request
1639413503449,48,Request
1639413503461,53,Request
1639413503484,51,Request
1639413503495,48,Request
1639413503504,53,Request
1639413503514,44,Request
1639413503539,46,Request
1639413503548,50,Request
1639413503557,49,Request
1639413503569,48,Request
1639413503590,49,Request
1639413503602,49,Request
1639413503610,50,Request
1639413503620,54,Request
1639413503644,51,Request
1639413503663,49,Request
1639413503654,60,Request
1639413503674,46,Request
1639413503702,51,Request
1639413503720,54,Request
1639413503714,62,Request
1639413503728,51,Request
1639413503753,56,Request
1639413503774,45,Request
1639413503777,53,Request
1639413503782,51,Request
1639413503791,63,Request
1639413503820,37,Request
1639413503841,56,Request
1639413503844,58,Request
1639413503847,56,Request
1639413503854,49,Request
1639413503893,23,Request
1639413503909,51,Request
1639413503911,61,Request
1639413503915,59,Request
1639413503921,56,Request
1639413503954,37,Request
1639413503975,42,Request
1639413503979,53,Request
1639413503989,50,Request
1639413503984,66,Request
1639413504022,46,Request
1639413504042,62,Request
1639413504045,59,Request
1639413504050,60,Request
1639413504055,58,Request
1639413504088,53,Request
1639413504110,70,Request
1639413504117,64,Request
1639413504113,69,Request
1639413504136,66,Request
1639413504155,69,Request
1639413504180,60,Request
1639413504185,66,Request
1639413504183,70,Request
1639413504202,68,Request
1639413504224,58,Request
1639413504249,60,Request
1639413504251,61,Request
1639413504253,59,Request
1639413504270,59,Request
1639413504291,50,Request
1639413504315,56,Request
1639413504319,59,Request
1639413504321,57,Request
1639413504338,50,Request
1639413504357,57,Request
1639413504381,62,Request
1639413504388,60,Request
1639413504387,62,Request
1639413504414,59,Request
1639413504423,57,Request
1639413504448,65,Request
1639413504452,66,Request
1639413504453,66,Request
1639413504472,59,Request
1639413504490,64,Request
1639413504513,64,Request
1639413504519,60,Request
1639413504521,61,Request
1639413504541,60,Request
1639413504557,52,Request
1639413504586,58,Request
1639413504582,62,Request
1639413504587,60,Request
1639413504607,53,Request
1639413504624,52,Request
1639413504649,53,Request
1639413504654,55,Request
1639413504653,58,Request
1639413504673,50,Request
1639413504691,48,Request
1639413504716,51,Request
1639413504721,47,Request
1639413504720,52,Request
1639413504741,46,Request
1639413504758,32,Request
1639413504784,44,Request
1639413504789,45,Request
1639413504791,46,Request
1639413504808,35,Request
1639413504839,21,Request
1639413504850,45,Request
1639413504855,48,Request
1639413504854,50,Request
1639413504873,46,Request
1639413504892,33,Request
1639413504923,35,Request
1639413504916,45,Request
1639413504923,49,Request
1639413504942,42,Request
1639413504959,38,Request
1639413504983,61,Request
1639413504987,57,Request
1639413504992,62,Request
1639413505003,67,Request
1639413505008,80,Request
1639413505030,73,Request
1639413505069,73,Request
1639413505070,90,Request
1639413505064,98,Request
1639413505088,76,Request
1639413505109,71,Request
1639413505079,121,Request
1639413505148,82,Request
1639413505161,72,Request
1639413505162,80,Request
1639413505171,72,Request
1639413505190,74,Request
1639413505200,77,Request
1639413505231,62,Request
1639413505244,76,Request
1639413505243,77,Request
1639413505250,78,Request
1639413505266,75,Request
1639413505284,96,Request
1639413505313,67,Request
1639413505328,72,Request
1639413505324,102,Request
1639413505328,116,Request
1639413505350,100,Request
1639413505380,80,Request
1639413505392,78,Request
1639413505406,85,Request
1639413505426,67,Request
1639413505444,68,Request
1639413505450,64,Request
1639413505473,55,Request
1639413505460,73,Request
1639413505506,58,Request
1639413505491,77,Request
1639413505531,65,Request
1639413505527,71,Request
1639413505540,67,Request
1639413505551,62,Request
1639413505571,77,Request
1639413505590,78,Request
1639413505605,67,Request
1639413505611,74,Request
1639413505631,57,Request
1639413505620,81,Request
1639413505651,79,Request
1639413505668,82,Request
1639413505691,69,Request
1639413505684,80,Request
1639413505711,70,Request
1639413505701,85,Request
1639413505732,75,Request
1639413505751,73,Request
1639413505764,71,Request
1639413505771,76,Request
1639413505786,73,Request
1639413505791,69,Request
1639413505811,69,Request
1639413505831,71,Request
1639413505845,73,Request
1639413505851,71,Request
1639413505868,73,Request
1639413505871,71,Request
1639413505892,70,Request
1639413505911,76,Request
1639413505924,68,Request
1639413505930,74,Request
1639413505947,65,Request
1639413505951,66,Request
1639413505971,67,Request
1639413505990,74,Request
1639413506004,70,Request
1639413506031,54,Request
1639413506012,77,Request
1639413506027,67,Request
1639413506051,62,Request
1639413506071,62,Request
1639413506084,67,Request
1639413506092,67,Request
1639413506112,55,Request
1639413506107,70,Request
1639413506133,61,Request
1639413506164,56,Request
1639413506151,72,Request
1639413506192,58,Request
1639413506171,79,Request
1639413506187,73,Request
1639413506201,68,Request
1639413506211,76,Request
1639413506244,77,Request
1639413506261,92,Request
1639413506285,69,Request
1639413506280,81,Request
1639413506288,73,Request
1639413506266,96,Request
1639413506343,42,Request
1639413506362,80,Request
1639413506383,61,Request
1639413506353,94,Request
1639413506383,74,Request
1639413506373,89,Request
1639413506399,72,Request
1639413506469,108,Request
1639413506458,120,Request
1639413506447,136,Request
1639413506475,111,Request
1639413506466,128,Request
1639413506464,130,Request
1639413506472,124,Request
1639413506586,58,Request
1639413506577,75,Request
1639413506578,87,Request
1639413506583,86,Request
1639413506594,82,Request
1639413506594,84,Request
1639413506596,86,Request
1639413506680,53,Request
1639413506671,72,Request
1639413506673,83,Request
1639413506677,84,Request
1639413506688,79,Request
1639413506688,84,Request
1639413506690,89,Request
1639413506773,54,Request
1639413506762,81,Request
1639413506770,82,Request
1639413506765,99,Request
1639413506781,87,Request
1639413506780,89,Request
1639413506783,88,Request
1639413506869,58,Request
1639413506857,82,Request
1639413506862,88,Request
1639413506864,92,Request
1639413506876,85,Request
1639413506873,93,Request
1639413506873,95,Request
1639413506958,56,Request
1639413506950,82,Request
1639413506956,102,Request
1639413506968,92,Request
1639413506957,104,Request
1639413506967,99,Request
1639413506970,99,Request
1639413507051,56,Request
1639413507042,89,Request
1639413507058,97,Request
1639413507063,98,Request
1639413507066,101,Request
1639413507069,101,Request
1639413507061,110,Request
1639413507145,55,Request
1639413507136,73,Request
1639413507155,86,Request
1639413507161,83,Request
1639413507167,79,Request
1639413507170,92,Request
1639413507171,92,Request
1639413507228,61,Request
1639413507238,57,Request
1639413507249,88,Request
1639413507261,84,Request
1639413507264,95,Request
1639413507263,98,Request
1639413507261,101,Request
1639413507330,51,Request
1639413507320,70,Request
1639413507341,77,Request
1639413507352,85,Request
1639413507371,92,Request
1639413507362,108,Request
1639413507367,103,Request
1639413507371,113,Request
1639413507438,59,Request
1639413507428,95,Request
1639413507448,100,Request
1639413507459,94,Request
1639413507470,90,Request
1639413507478,94,Request
1639413507485,96,Request
1639413507474,109,Request
1639413507546,53,Request
1639413507537,76,Request
1639413507555,83,Request
1639413507571,80,Request
1639413507583,91,Request
1639413507588,89,Request
1639413507585,93,Request
1639413507591,90,Request
1639413507653,50,Request
1639413507642,76,Request
1639413507672,68,Request
1639413507661,107,Request
1639413507684,85,Request
1639413507692,95,Request
1639413507691,113,Request
1639413507759,55,Request
1639413507701,120,Request
1639413507749,87,Request
1639413507769,95,Request
1639413507779,88,Request
1639413507791,85,Request
1639413507804,84,Request
1639413507800,89,Request
1639413507821,91,Request
1639413507867,49,Request
1639413507856,81,Request
1639413507890,88,Request
1639413507876,103,Request
1639413507898,98,Request
1639413507906,91,Request
1639413507912,106,Request
1639413507973,60,Request
1639413507928,113,Request
1639413507963,98,Request
1639413507993,78,Request
1639413507983,107,Request
1639413508013,81,Request
1639413508005,104,Request
1639413508018,97,Request
1639413508042,95,Request
1639413508071,76,Request
1639413508080,79,Request
1639413508091,89,Request
1639413508101,85,Request
1639413508111,89,Request
1639413508126,81,Request
1639413508120,125,Request
1639413508187,67,Request
1639413508149,124,Request
1639413508177,96,Request
1639413508208,80,Request
1639413508198,105,Request
1639413508219,100,Request
1639413508234,106,Request
1639413508245,97,Request
1639413508304,67,Request
1639413508273,101,Request
1639413508284,99,Request
1639413508314,97,Request
1639413508306,121,Request
1639413508328,107,Request
1639413508341,101,Request
1639413508352,94,Request
1639413508394,79,Request
1639413508380,104,Request
1639413508433,72,Request
1639413508457,60,Request
1639413508432,91,Request
1639413508436,101,Request
1639413508453,110,Request
1639413508492,94,Request
1639413508517,77,Request
1639413508463,133,Request
1639413508498,105,Request
1639413508561,96,Request
1639413508564,104,Request
1639413508563,116,Request
1639413508606,114,Request
1639413508596,124,Request
1639413508631,93,Request
1639413508624,100,Request
1639413508559,172,Request
1639413508597,138,Request
1639413508668,88,Request
1639413508667,113,Request
1639413508684,126,Request
1639413508720,100,Request
1639413508757,70,Request
1639413508758,69,Request
1639413508733,109,Request
1639413508735,109,Request
1639413508780,110,Request
1639413508797,103,Request
1639413508810,120,Request
1639413508863,81,Request
1639413508873,77,Request
1639413508733,218,Request
1639413508850,103,Request
1639413508840,114,Request
1639413508860,155,Request
1639413508901,118,Request
1639413508960,83,Request
1639413508910,150,Request
1639413508988,74,Request
1639413508930,133,Request
1639413508951,141,Request
1639413509004,88,Request
1639413509004,97,Request
1639413509015,106,Request
1639413509021,154,Request
1639413509060,117,Request
1639413509104,82,Request
1639413509063,130,Request
1639413509115,90,Request
1639413509093,131,Request
1639413509093,140,Request
1639413509092,153,Request
1639413509135,118,Request
1639413509182,92,Request
1639413509176,103,Request
1639413509193,111,Request
1639413509234,111,Request
1639413509224,122,Request
1639413509278,109,Request
1639413509245,161,Request
1639413509296,117,Request
1639413509275,148,Request
1639413509255,169,Request
1639413509302,135,Request
1639413509354,123,Request
1639413509314,165,Request
1639413509388,103,Request
1639413509407,103,Request
1639413509477,44,Request
1639413509424,98,Request
1639413509346,191,Request
1639413509479,62,Request
1639413509510,70,Request
1639413509423,158,Request
1639413509437,154,Request
1639413509416,187,Request
1639413509537,97,Request
1639413509528,116,Request
1639413509581,73,Request
1639413509544,116,Request
1639413509591,86,Request
1639413509598,103,Request
1639413509603,120,Request
1639413509599,125,Request
1639413509679,76,Request
1639413509654,130,Request
1639413509666,123,Request
1639413509662,129,Request
1639413509728,76,Request
1639413509723,86,Request
1639413509724,129,Request
1639413509756,105,Request
1639413509784,109,Request
1639413509791,110,Request
1639413509789,113,Request
1639413509809,102,Request
1639413509810,103,Request
1639413509853,80,Request
1639413509876,78,Request
1639413509914,81,Request
1639413509912,115,Request
1639413509913,115,Request
1639413509974,159,Request
1639413509913,228,Request
1639413509996,150,Request
1639413509914,234,Request
1639413509966,183,Request
1639413509968,206,Request
1639413509974,202,Request
1639413510045,156,Request
1639413510046,158,Request
1639413510133,76,Request
1639413510046,174,Request
1639413510146,114,Request
1639413510150,112,Request
1639413510143,157,Request
1639413510148,155,Request
1639413510201,109,Request
1639413510176,139,Request
1639413510220,102,Request
1639413510204,121,Request
1639413510175,151,Request
1639413510273,89,Request
1639413510281,162,Request
1639413510284,168,Request
1639413510326,128,Request
1639413510303,153,Request
1639413510335,128,Request
1639413510371,103,Request
1639413510315,159,Request
1639413510338,137,Request
1639413510300,178,Request
1639413510443,115,Request
1639413510453,106,Request
1639413510480,103,Request
1639413510475,113,Request
1639413510475,125,Request
1639413510456,154,Request
1639413510486,124,Request
1639413510466,145,Request
1639413510475,156,Request
1639413510478,153,Request
1639413510583,68,Request
1639413510584,97,Request
1639413510620,100,Request
1639413510616,106,Request
1639413510614,109,Request
1639413510611,117,Request
1639413510621,107,Request
1639413510610,119,Request
1639413510632,118,Request
1639413510631,130,Request
1639413510732,89,Request
1639413510732,91,Request
1639413510728,96,Request
1639413510734,96,Request
1639413510750,151,Request
1639413510754,166,Request
1639413510794,127,Request
1639413510854,87,Request
1639413510770,172,Request
1639413510771,173,Request
1639413510854,102,Request
1639413510863,132,Request
1639413510867,137,Request
1639413510800,212,Request
1639413510921,134,Request
1639413510988,74,Request
1639413510902,181,Request
1639413510921,165,Request
1639413510976,118,Request
1639413510942,162,Request
1639413510995,115,Request
1639413510944,167,Request
1639413511013,100,Request
1639413511005,129,Request
1639413511055,108,Request
1639413511115,84,Request
1639413511087,130,Request
1639413511083,139,Request
1639413511112,110,Request
1639413511104,131,Request
1639413511139,111,Request
1639413511111,140,Request
1639413511154,112,Request
1639413511115,159,Request
1639413511235,156,Request
1639413511252,140,Request
1639413511250,142,Request
1639413511337,59,Request
1639413511274,122,Request
1639413511280,121,Request
1639413511201,200,Request
1639413511336,78,Request
1639413511255,188,Request
1639413511258,198,Request
1639413511235,270,Request
1639413511410,103,Request
1639413511392,122,Request
1639413511442,93,Request
1639413511401,135,Request
1639413511444,114,Request
1639413511399,174,Request
1639413511442,133,Request
1639413511391,191,Request
1639413511456,153,Request
1639413511515,109,Request
1639413511556,101,Request
1639413511594,84,Request
1639413511549,132,Request
1639413511505,179,Request
1639413511545,141,Request
1639413511576,110,Request
1639413511573,141,Request
1639413511624,99,Request
1639413511582,141,Request
1639413511609,134,Request
1639413511678,80,Request
1639413511696,90,Request
1639413511705,128,Request
1639413511736,98,Request
1639413511737,109,Request
1639413511684,172,Request
1639413511747,147,Request
1639413511758,148,Request
1639413511723,193,Request
1639413511784,134,Request
1639413511733,187,Request
1639413511866,133,Request
1639413511862,140,Request
1639413511842,164,Request
1639413511907,112,Request
1639413511835,191,Request
1639413511894,140,Request
1639413511918,118,Request
1639413511756,280,Request
1639413511856,205,Request
1639413511916,155,Request
1639413511921,177,Request
1639413511999,105,Request
1639413512027,80,Request
1639413512006,119,Request
1639413512026,118,Request
1639413512055,99,Request
1639413512044,114,Request
1639413512066,110,Request
1639413512036,160,Request
1639413512061,140,Request
1639413512071,131,Request
1639413512098,135,Request
1639413512165,76,Request
1639413512161,111,Request
1639413512161,112,Request
1639413512204,140,Request
1639413512204,144,Request
1639413512212,139,Request
1639413512203,148,Request
1639413512226,125,Request
1639413512196,162,Request
1639413512209,153,Request
1639413512208,173,Request
1639413512352,105,Request
1639413512288,190,Request
1639413512351,128,Request
1639413512351,131,Request
1639413512352,130,Request
1639413512373,141,Request
1639413512352,198,Request
1639413512362,200,Request
1639413512374,205,Request
1639413512377,217,Request
1639413512358,237,Request
1639413512381,222,Request
1639413512481,129,Request
1639413512550,70,Request
1639413512482,198,Request
1639413512586,105,Request
1639413512563,131,Request
1639413512478,224,Request
1639413512585,126,Request
1639413512603,128,Request
1639413512643,96,Request
1639413512594,174,Request
1639413512691,77,Request
1639413512642,132,Request
1639413512642,143,Request
1639413512680,112,Request
1639413512595,206,Request
1639413512722,130,Request
1639413512742,148,Request
1639413512765,133,Request
1639413512769,131,Request
1639413512774,127,Request
1639413512798,103,Request
1639413512703,200,Request
1639413512790,135,Request
1639413512768,233,Request
1639413512890,120,Request
1639413512801,210,Request
1639413512903,115,Request
1639413512854,167,Request
1639413513001,36,Request
1639413512851,188,Request
1639413512904,165,Request
1639413513013,60,Request
1639413513022,71,Request
1639413512906,187,Request
1639413512923,171,Request
1639413512943,177,Request
1639413512958,171,Request
1639413512952,186,Request
1639413513039,121,Request
1639413513050,124,Request
1639413513070,121,Request
1639413513094,116,Request
1639413513094,116,Request
1639413513129,94,Request
1639413513118,110,Request
1639413513120,114,Request
1639413513138,103,Request
1639413513174,78,Request
1639413513174,80,Request
1639413513229,28,Request
1639413513259,14,Request
1639413513276,99,Request
1639413513282,130,Request
1639413513282,133,Request
1639413513292,144,Request
1639413513292,146,Request
1639413513279,160,Request
1639413513298,160,Request
1639413513298,169,Request
1639413513342,125,Request
1639413513375,142,Request
1639413513333,196,Request
1639413513420,150,Request
1639413513415,157,Request
1639413513331,256,Request
1639413513438,164,Request
1639413513464,143,Request
1639413513441,173,Request
1639413513471,151,Request
1639413513449,179,Request
1639413513515,127,Request
1639413513439,208,Request
1639413513405,277,Request
1639413513547,140,Request
1639413513588,138,Request
1639413513588,140,Request
1639413513614,128,Request
1639413513612,146,Request
1639413513628,142,Request
1639413513636,136,Request
1639413513644,134,Request
1639413513688,96,Request
1639413513529,255,Request
1639413513647,157,Request
1639413513587,220,Request
1639413513721,131,Request
1639413513760,116,Request
1639413513761,118,Request
1639413513682,225,Request
1639413513787,136,Request
1639413513786,141,Request
1639413513809,134,Request
1639413513803,150,Request
1639413513860,98,Request
1639413513819,149,Request
1639413513817,152,Request
1639413513784,224,Request
1639413513894,128,Request
1639413513807,237,Request
1639413513935,118,Request
1639413513935,120,Request
1639413513956,136,Request
1639413513959,135,Request
1639413513975,145,Request
1639413513982,138,Request
1639413513907,215,Request
1639413514034,89,Request
1639413513989,135,Request
1639413513993,147,Request
1639413514073,97,Request
1639413514008,173,Request
1639413514044,140,Request
1639413514111,80,Request
1639413514111,83,Request
1639413514155,95,Request
1639413514122,152,Request
1639413514164,114,Request
1639413514208,108,Request
1639413514172,148,Request
1639413514204,133,Request
1639413514204,141,Request
1639413514181,186,Request
1639413514239,143,Request
1639413514208,175,Request
1639413514279,132,Request
1639413514281,147,Request
1639413514303,142,Request
1639413514306,154,Request
1639413514337,125,Request
1639413514320,142,Request
1639413514221,255,Request
1639413514345,140,Request
1639413514384,108,Request
1639413514295,228,Request
1639413514413,130,Request
1639413514383,166,Request
1639413514454,121,Request
1639413514454,129,Request
1639413514367,218,Request
1639413514476,139,Request
1639413514480,150,Request
1639413514495,141,Request
1639413514512,130,Request
1639413514554,91,Request
1639413514520,139,Request
1639413514550,134,Request
1639413514477,209,Request
1639413514571,146,Request
1639413514589,136,Request
1639413514640,129,Request
1639413514640,135,Request
1639413514524,255,Request
1639413514586,210,Request
1639413514664,143,Request
1639413514667,164,Request
1639413514700,133,Request
1639413514684,151,Request
1639413514734,103,Request
1639413514706,133,Request
1639413514742,114,Request
1639413514774,119,Request
1639413514687,211,Request
1639413514758,154,Request
1639413514827,124,Request
1639413514828,131,Request
1639413514853,137,Request
1639413514797,202,Request
1639413514851,150,Request
1639413514779,230,Request
1639413514893,129,Request
1639413514869,154,Request
1639413514885,144,Request
1639413514922,108,Request
1639413514933,105,Request
1639413514945,134,Request
1639413514898,184,Request
1639413514961,128,Request
1639413515014,141,Request
1639413515013,142,Request
1639413515041,151,Request
1639413515039,163,Request
1639413515079,140,Request
1639413515108,113,Request
1639413515000,222,Request
1639413515009,220,Request
1639413515056,173,Request
1639413515115,117,Request
1639413515073,166,Request
1639413515147,121,Request
1639413515132,148,Request
1639413515086,213,Request
1639413515202,136,Request
1639413515203,142,Request
1639413515225,130,Request
1639413515228,136,Request
1639413515243,134,Request
1639413515258,137,Request
1639413515294,107,Request
1639413515269,132,Request
1639413515302,103,Request
1639413515229,185,Request
1639413515222,200,Request
1639413515318,127,Request
1639413515335,111,Request
1639413515300,174,Request
1639413515403,100,Request
1639413515404,109,Request
1639413515412,113,Request
1639413515415,118,Request
1639413515448,117,Request
1639413515434,141,Request
1639413515421,170,Request
1639413515422,170,Request
1639413515522,74,Request
1639413515475,121,Request
1639413515520,93,Request
1639413515527,113,Request
1639413515523,128,Request
1639413515495,168,Request
1639413515578,107,Request
1639413515599,93,Request
1639413515602,91,Request
1639413515577,119,Request
1639413515625,77,Request
1639413515604,100,Request
1639413515683,40,Request
1639413515609,131,Request
1639413515705,42,Request
1639413515710,41,Request
1639413515741,123,Request
1639413515741,124,Request
1639413515741,180,Request
1639413515741,221,Request
1639413515761,251,Request
1639413515868,167,Request
1639413515877,159,Request
1639413515828,210,Request
1639413515764,276,Request
1639413515800,241,Request
1639413515800,278,Request
1639413515803,302,Request
1639413515800,317,Request
1639413515801,317,Request
1639413515921,201,Request
1639413516012,131,Request
1639413516078,87,Request
1639413516105,64,Request
1639413516122,55,Request
1639413516117,64,Request
1639413516118,64,Request
1639413515820,364,Request
1639413515962,241,Request
1639413516184,90,Request
1639413515845,446,Request
1639413516195,98,Request
1639413515861,434,Request
1639413516041,254,Request
1639413516040,256,Request
1639413516040,262,Request
1639413516184,119,Request
1639413516225,101,Request
1639413516203,180,Request
1639413516282,118,Request
1639413516293,110,Request
1639413516296,139,Request
1639413516295,144,Request
1639413516302,140,Request
1639413516332,139,Request
1639413516332,151,Request
1639413516332,155,Request
1639413516332,176,Request
1639413516291,218,Request
1639413516332,184,Request
1639413516295,222,Request
1639413516413,116,Request
1639413516474,83,Request
1639413516474,94,Request
1639413516483,102,Request
1639413516515,110,Request
1639413516509,153,Request
1639413516517,146,Request
1639413516566,105,Request
1639413516523,159,Request
1639413516523,160,Request
1639413516598,114,Request
1639413516598,165,Request
1639413516599,166,Request
1639413516630,141,Request
1639413516598,174,Request
1639413516599,175,Request
1639413516680,101,Request
1639413516594,197,Request
1639413516602,197,Request
1639413516715,106,Request
1639413516705,126,Request
1639413516722,127,Request
1639413516763,111,Request
1639413516765,117,Request
1639413516774,127,Request
1639413516772,139,Request
1639413516791,124,Request
1639413516724,197,Request
1639413516804,131,Request
1639413516877,100,Request
1639413516851,127,Request
1639413516850,132,Request
1639413516850,132,Request
1639413516854,129,Request
1639413516921,63,Request
1639413516987,125,Request
1639413516991,127,Request
1639413516988,143,Request
1639413516985,147,Request
1639413516985,149,Request
1639413516988,148,Request
1639413516978,160,Request
1639413516982,180,Request
1639413516988,214,Request
1639413516988,231,Request
1639413517116,105,Request
1639413517139,145,Request
1639413517132,153,Request
1639413517139,172,Request
1639413517185,140,Request
1639413517134,199,Request
1639413517139,195,Request
1639413517185,171,Request
1639413517202,163,Request
1639413517192,182,Request
1639413517219,164,Request
1639413517291,108,Request
1639413517143,258,Request
1639413517140,262,Request
1639413517185,242,Request
1639413517195,240,Request
1639413517311,125,Request
1639413517334,109,Request
1639413517353,103,Request
1639413516982,475,Request
1639413517401,93,Request
1639413517393,113,Request
1639413517459,135,Request
1639413517403,196,Request
1639413517459,173,Request
1639413517458,174,Request
1639413517427,227,Request
1639413517457,209,Request
1639413517523,144,Request
1639413517555,160,Request
1639413517632,92,Request
1639413517596,131,Request
1639413517633,104,Request
1639413517679,58,Request
1639413517457,281,Request
1639413517459,280,Request
1639413517435,319,Request
1639413517666,117,Request
1639413517525,259,Request
1639413517654,131,Request
1639413517738,100,Request
1639413517737,108,Request
1639413517807,50,Request
1639413517761,96,Request
1639413517457,401,Request
1639413517595,271,Request
1639413517739,175,Request
1639413517708,230,Request
1639413517785,159,Request
1639413517857,98,Request
1639413517738,218,Request
1639413517857,117,Request
1639413517857,120,Request
1639413517865,118,Request
1639413517754,234,Request
1639413517866,137,Request
1639413517898,126,Request
1639413517867,207,Request
1639413517994,82,Request
1639413517956,129,Request
1639413517985,137,Request
1639413517985,152,Request
1639413518001,146,Request
1639413517938,217,Request
1639413518047,108,Request
1639413518018,139,Request
1639413518075,150,Request
1639413518082,153,Request
1639413517858,378,Request
1639413518145,92,Request
1639413518098,154,Request
1639413517988,269,Request
1639413518058,209,Request
1639413518079,206,Request
1639413518165,150,Request
1639413518197,130,Request
1639413518195,132,Request
1639413518218,131,Request
1639413518082,276,Request
1639413518253,111,Request
1639413518238,130,Request
1639413518155,229,Request
1639413518287,148,Request
1639413518277,162,Request
1639413518300,145,Request
1639413518257,193,Request
1639413518371,107,Request
1639413518249,232,Request
1639413518372,111,Request
1639413518369,136,Request
1639413518236,324,Request
1639413518358,203,Request
1639413518384,187,Request
1639413518401,170,Request
1639413518401,171,Request
1639413518502,101,Request
1639413518484,128,Request
1639413518481,134,Request
1639413518502,121,Request
1639413518485,143,Request
1639413518483,154,Request
1639413518511,134,Request
1639413518521,131,Request
1639413518502,231,Request
1639413518631,124,Request
1639413518615,180,Request
1639413518630,183,Request
1639413518631,223,Request
1639413518640,217,Request
1639413518631,236,Request
1639413518665,210,Request
1639413518631,247,Request
1639413518631,256,Request
1639413518685,214,Request
1639413518743,156,Request
1639413518753,155,Request
1639413518560,376,Request
1639413518743,213,Request
1639413518753,225,Request
1639413518752,235,Request
1639413518795,220,Request
1639413518813,220,Request
1639413518734,331,Request
1639413518918,149,Request
1639413518912,163,Request
1639413518854,230,Request
1639413518899,199,Request
1639413518957,150,Request
1639413518875,268,Request
1639413518962,183,Request
1639413518956,197,Request
1639413518887,287,Request
1639413518978,199,Request
1639413518988,196,Request
1639413519040,197,Request
1639413519067,170,Request
1639413519023,215,Request
1639413518867,377,Request
1639413518879,395,Request
1639413519161,120,Request
1639413519085,197,Request
1639413519119,207,Request
1639413519143,216,Request
1639413519147,218,Request
1639413518936,431,Request
1639413519206,211,Request
1639413519204,214,Request
1639413519174,244,Request
1639413519255,164,Request
1639413519065,354,Request
1639413519251,168,Request
1639413519203,217,Request
1639413519295,170,Request
1639413519245,273,Request
1639413519268,260,Request
1639413519274,258,Request
1639413519346,192,Request
1639413519366,199,Request
1639413519420,172,Request
1639413519420,183,Request
1639413519443,173,Request
1639413519432,209,Request
1639413519488,165,Request
1639413519418,237,Request
1639413519539,123,Request
1639413519415,247,Request
1639413519418,266,Request
1639413519528,167,Request
1639413519598,167,Request
1639413519419,352,Request
1639413519368,415,Request
1639413519428,357,Request
1639413519605,186,Request
1639413519672,165,Request
1639413519674,171,Request
1639413519532,329,Request
1639413519682,180,Request
1639413519519,343,Request
1639413519661,210,Request
1639413519662,213,Request
1639413519674,207,Request
1639413519745,156,Request
1639413519793,166,Request
1639413519771,207,Request
1639413519833,145,Request
1639413519315,664,Request
1639413519785,194,Request
1639413519792,188,Request
1639413519684,297,Request
1639413519846,195,Request
1639413519961,90,Request
1639413519892,169,Request
1639413519783,283,Request
1639413519961,114,Request
1639413519861,230,Request
1639413519862,232,Request
1639413519961,140,Request
1639413519977,142,Request
1639413519977,150,Request
1639413519978,157,Request
1639413519981,170,Request
1639413520110,104,Request
1639413520104,156,Request
1639413520141,150,Request
1639413520110,182,Request
1639413520111,230,Request
1639413520103,240,Request
1639413520103,247,Request
1639413520240,115,Request
1639413520240,120,Request
1639413520292,69,Request
1639413519979,390,Request
1639413520066,308,Request
1639413520111,267,Request
1639413520111,268,Request
1639413520141,239,Request
1639413520149,291,Request
1639413520341,121,Request
1639413520376,151,Request
1639413520344,183,Request
1639413520240,290,Request
1639413520112,419,Request
1639413520375,229,Request
1639413520381,224,Request
1639413520381,230,Request
1639413520240,372,Request
1639413520395,219,Request
1639413520379,246,Request
1639413520441,190,Request
1639413520378,253,Request
1639413520456,204,Request
1639413520351,310,Request
1639413520530,163,Request
1639413520532,162,Request
1639413520531,171,Request
1639413520604,150,Request
1639413520625,139,Request
1639413520374,404,Request
1639413520625,160,Request
1639413520676,117,Request
1639413520612,182,Request
1639413520632,162,Request
1639413520625,182,Request
1639413520671,145,Request
1639413520369,498,Request
1639413520718,193,Request
1639413520792,128,Request
1639413520661,322,Request
1639413520801,185,Request
1639413520794,221,Request
1639413520874,147,Request
1639413520794,231,Request
1639413520874,302,Request
1639413521177,26,Request
1639413520781,426,Request
1639413521207,20,Request
1639413521203,38,Request
1639413520879,364,Request
1639413520879,376,Request
1639413521243,27,Request
1639413520671,603,Request
1639413520874,401,Request
1639413521277,95,Request
1639413521372,19,Request
1639413521275,149,Request
1639413521426,22,Request
1639413520801,657,Request
1639413520874,628,Request
1639413521507,17,Request
1639413521025,514,Request
1639413521502,37,Request
1639413521025,519,Request
1639413521539,29,Request
1639413521545,24,Request
1639413520986,589,Request
1639413520984,591,Request
1639413521255,338,Request
1639413520911,683,Request
1639413520916,679,Request
1639413520800,795,Request
1639413521275,369,Request
1639413521025,627,Request
1639413520867,795,Request
1639413521575,117,Request
1639413521456,277,Request
1639413521458,293,Request
1639413521595,157,Request
1639413521594,168,Request
1639413521594,179,Request
1639413521633,149,Request
1639413521652,131,Request
1639413521461,322,Request
1639413521575,217,Request
1639413521644,151,Request
1639413521596,215,Request
1639413521724,90,Request
1639413521733,105,Request
1639413521752,99,Request
1639413521662,190,Request
1639413521814,119,Request
1639413521854,261,Request
1639413521857,264,Request
1639413521857,281,Request
1639413521857,282,Request
1639413521855,284,Request
1639413521853,288,Request
1639413521783,360,Request
1639413521856,301,Request
1639413521856,351,Request
1639413522115,100,Request
1639413521856,368,Request
1639413521857,382,Request
1639413522121,135,Request
1639413521992,303,Request
1639413521986,340,Request
1639413522139,216,Request
1639413522138,218,Request
1639413521974,393,Request
1639413521974,410,Request
1639413521985,400,Request
1639413522207,195,Request
1639413522141,283,Request
1639413521972,453,Request
1639413522295,139,Request
1639413521974,482,Request
1639413522239,244,Request
1639413522139,348,Request
1639413522142,352,Request
1639413522143,384,Request
1639413522326,201,Request
1639413522158,371,Request
1639413522384,220,Request
1639413522224,391,Request
1639413522142,474,Request
1639413522367,250,Request
1639413522396,239,Request
1639413522385,277,Request
1639413522396,275,Request
1639413522494,200,Request
1639413522424,296,Request
1639413522456,289,Request
1639413522532,239,Request
1639413522605,167,Request
1639413522425,349,Request
1639413522612,166,Request
1639413522616,178,Request
1639413522487,336,Request
1639413522615,226,Request
1639413522662,186,Request
1639413522529,348,Request
1639413522675,202,Request
1639413522671,253,Request
1639413522745,208,Request
1639413522615,340,Request
1639413522780,182,Request
1639413522615,350,Request
1639413522527,438,Request
1639413522720,264,Request
1639413522720,265,Request
1639413522615,399,Request
1639413522935,109,Request
1639413522833,219,Request
1639413522924,134,Request
1639413522798,261,Request
1639413522775,285,Request
1639413522841,235,Request
1639413522877,247,Request
1639413522991,171,Request
1639413523059,105,Request
1639413522823,349,Request
1639413522942,253,Request
1639413522956,246,Request
1639413522965,240,Request
1639413522944,268,Request
1639413522985,237,Request
1639413522936,296,Request
1639413522965,306,Request
1639413523015,260,Request
1639413523125,157,Request
1639413523131,158,Request
1639413523023,290,Request
1639413523171,143,Request
1639413523060,275,Request
1639413523213,152,Request
1639413523172,220,Request
1639413523172,247,Request
1639413523232,190,Request
1639413523225,202,Request
1639413523300,175,Request
1639413523294,181,Request
1639413523172,320,Request
1639413523262,240,Request
1639413523300,213,Request
1639413523001,514,Request
1639413523357,163,Request
1639413523171,391,Request
1639413523383,179,Request
1639413523175,389,Request
1639413523271,304,Request
1639413523342,262,Request
1639413523430,193,Request
1639413523421,221,Request
1639413523421,222,Request
1639413523419,224,Request
1639413523313,349,Request
1639413523504,177,Request
1639413523300,434,Request
1639413523564,179,Request
1639413523561,199,Request
1639413523518,243,Request
1639413523522,239,Request
1639413523613,171,Request
1639413523504,290,Request
1639413523574,241,Request
1639413523561,264,Request
1639413523677,180,Request
1639413523493,382,Request
1639413523737,139,Request
1639413523575,330,Request
1639413523623,282,Request
1639413523690,246,Request
1639413523778,161,Request
1639413523699,245,Request
1639413523562,392,Request
1639413523833,166,Request
1639413523842,159,Request
1639413523797,208,Request
1639413523817,201,Request
1639413523662,357,Request
1639413523827,208,Request
1639413523794,244,Request
1639413523825,229,Request
1639413523894,164,Request
1639413523734,346,Request
1639413523905,237,Request
1639413523905,249,Request
1639413523515,643,Request
1639413523968,192,Request
1639413523985,178,Request
1639413523875,297,Request
1639413524077,117,Request
1639413524075,138,Request
1639413524075,138,Request
1639413523947,275,Request
1639413523993,245,Request
1639413523967,285,Request
1639413523999,275,Request
1639413524161,121,Request
1639413524162,164,Request
1639413523954,388,Request
1639413524202,169,Request
1639413524215,207,Request
1639413524232,191,Request
1639413524022,403,Request
1639413524075,357,Request
1639413524172,263,Request
1639413524222,220,Request
1639413524284,161,Request
1639413524253,214,Request
1639413524266,214,Request
1639413524266,222,Request
1639413524159,336,Request
1639413524080,423,Request
1639413524293,220,Request
1639413524361,153,Request
1639413524220,296,Request
1639413524220,304,Request
1639413524361,183,Request
1639413524361,184,Request
1639413524432,154,Request
1639413524423,210,Request
1639413524432,226,Request
1639413524480,190,Request
1639413524537,165,Request
1639413524518,215,Request
1639413524425,309,Request
1639413524342,392,Request
1639413524536,201,Request
1639413524588,154,Request
1639413524589,156,Request
1639413524560,212,Request
1639413524558,214,Request
1639413524547,226,Request
1639413524481,310,Request
1639413524524,267,Request
1639413524635,166,Request
1639413524473,360,Request
1639413524732,122,Request
1639413524732,125,Request
1639413524732,187,Request
1639413524502,418,Request
1639413524732,189,Request
1639413524782,249,Request
1639413524791,242,Request
1639413524734,299,Request
1639413524733,302,Request
1639413524503,532,Request
1639413524734,302,Request
1639413524860,245,Request
1639413524822,330,Request
1639413524860,308,Request
1639413524833,342,Request
1639413524856,325,Request
1639413524860,322,Request
1639413524860,322,Request
1639413524933,318,Request
1639413524859,413,Request
1639413525032,270,Request
1639413525036,275,Request
1639413525031,310,Request
1639413525032,337,Request
1639413525031,339,Request
1639413525034,347,Request
1639413525035,357,Request
1639413525034,358,Request
1639413525173,218,Request
1639413525034,385,Request
1639413525167,305,Request
1639413525250,235,Request
1639413525180,312,Request
1639413525182,311,Request
1639413524920,574,Request
1639413525036,465,Request
1639413525036,466,Request
1639413525151,385,Request
1639413525174,364,Request
1639413525181,361,Request
1639413525301,273,Request
1639413525310,266,Request
1639413525271,333,Request
1639413525406,216,Request
1639413525369,255,Request
1639413525340,302,Request
1639413525381,262,Request
1639413525200,463,Request
1639413525391,331,Request
1639413525472,251,Request
1639413525391,343,Request
1639413525369,382,Request
1639413525492,262,Request
1639413525542,222,Request
1639413525493,268,Request
1639413525539,271,Request
1639413525612,208,Request
1639413525625,195,Request
1639413525543,287,Request
1639413525418,433,Request
1639413525642,218,Request
1639413525536,337,Request
1639413525501,390,Request
1639413525604,302,Request
1639413525500,407,Request
1639413525493,439,Request
1639413525781,170,Request
1639413525667,284,Request
1639413525722,247,Request
1639413525786,189,Request
1639413525781,237,Request
1639413525786,235,Request
1639413525743,287,Request
1639413525734,308,Request
1639413525664,384,Request
1639413525751,315,Request
1639413525910,212,Request
1639413525908,232,Request
1639413525907,250,Request
1639413525907,253,Request
1639413525912,268,Request
1639413525873,315,Request
1639413525852,337,Request
1639413525907,287,Request
1639413526049,188,Request
1639413525790,453,Request
1639413525907,363,Request
1639413526051,239,Request
1639413525975,328,Request
1639413525891,413,Request
1639413526031,407,Request
1639413526157,285,Request
1639413525932,519,Request
1639413526051,409,Request
1639413526160,303,Request
1639413526042,426,Request
1639413526190,288,Request
1639413526194,288,Request
1639413526244,238,Request
1639413526066,443,Request
1639413526190,331,Request
1639413526190,340,Request
1639413526240,300,Request
1639413526310,244,Request
1639413526048,509,Request
1639413526250,308,Request
1639413526270,317,Request
1639413526240,399,Request
1639413526303,337,Request
1639413526188,475,Request
1639413526478,265,Request
1639413526460,320,Request
1639413526503,278,Request
1639413526550,233,Request
1639413526189,595,Request
1639413526530,260,Request
1639413526476,317,Request
1639413526541,255,Request
1639413526474,327,Request
1639413526617,185,Request
1639413526270,535,Request
1639413526439,382,Request
1639413526558,272,Request
1639413526521,314,Request
1639413526468,385,Request
1639413526509,376,Request
1639413526305,580,Request
1639413526641,249,Request
1639413526587,303,Request
1639413526639,280,Request
1639413526557,386,Request
1639413526451,506,Request
1639413526780,183,Request
1639413526801,180,Request
1639413526793,189,Request
1639413526842,159,Request
1639413526822,179,Request
1639413526667,335,Request
1639413526853,209,Request
1639413526910,153,Request
1639413526805,287,Request
1639413526885,219,Request
1639413526785,320,Request
1639413526886,270,Request
1639413526639,534,Request
1639413527009,207,Request
1639413527003,221,Request
1639413527008,218,Request
1639413527002,228,Request
1639413526943,290,Request
1639413527010,227,Request
1639413527009,233,Request
1639413527008,277,Request
1639413527008,352,Request
1639413527009,368,Request
1639413526958,430,Request
1639413527002,456,Request
1639413527146,313,Request
1639413527146,314,Request
1639413527146,315,Request
1639413527146,324,Request
1639413527216,285,Request
1639413527176,327,Request
1639413527230,331,Request
1639413527226,344,Request
1639413527282,295,Request
1639413527198,381,Request
1639413527224,368,Request
1639413527285,349,Request
1639413527277,364,Request
1639413527105,537,Request
1639413527276,376,Request
1639413527146,539,Request
1639413527279,407,Request
1639413527460,243,Request
1639413527460,273,Request
1639413527377,367,Request
1639413527276,482,Request
1639413527174,588,Request
1639413527471,316,Request
1639413527503,290,Request
1639413527360,436,Request
1639413527540,264,Request
1639413527461,343,Request
1639413527561,252,Request
1639413527570,243,Request
1639413527277,548,Request
1639413527601,227,Request
1639413527592,237,Request
1639413527635,278,Request
1639413527804,115,Request
1639413527919,17,Request
1639413527936,27,Request
1639413527937,27,Request
1639413527458,521,Request
1639413527393,588,Request
1639413527838,159,Request
1639413527579,419,Request
1639413527641,370,Request
1639413527652,379,Request
1639413527642,469,Request
1639413527686,428,Request
1639413527758,394,Request
1639413527796,360,Request
1639413527796,364,Request
1639413527685,485,Request
1639413527744,440,Request
1639413527826,363,Request
1639413527826,370,Request
1639413527976,229,Request
1639413527826,391,Request
1639413527977,246,Request
1639413527763,487,Request
1639413528011,280,Request
1639413527998,314,Request
1639413527825,488,Request
1639413527979,338,Request
1639413527979,383,Request
1639413528033,352,Request
1639413527981,473,Request
1639413528160,297,Request
1639413528114,343,Request
1639413528157,341,Request
1639413528137,362,Request
1639413528189,318,Request
1639413528214,294,Request
1639413528184,346,Request
1639413528234,301,Request
1639413528201,338,Request
1639413528196,345,Request
1639413528254,300,Request
1639413528246,308,Request
1639413528112,451,Request
1639413528221,351,Request
1639413528152,439,Request
1639413528170,460,Request
1639413528345,340,Request
1639413528333,361,Request
1639413528224,475,Request
1639413528317,382,Request
1639413528385,374,Request
1639413528313,447,Request
1639413528362,409,Request
1639413528250,526,Request
1639413528458,365,Request
1639413528501,350,Request
1639413528508,354,Request
1639413528540,325,Request
1639413528529,341,Request
1639413528498,392,Request
1639413528557,333,Request
1639413528539,352,Request
1639413528547,354,Request
1639413528530,381,Request
1639413528581,332,Request
1639413528572,346,Request
1639413528454,502,Request
1639413528602,356,Request
1639413528694,569,Request
1639413528591,673,Request
1639413528563,703,Request
1639413528699,629,Request
1639413528699,635,Request
1639413528759,575,Request
1639413528630,706,Request
1639413528823,540,Request
1639413528865,500,Request
1639413528862,514,Request
1639413528870,527,Request
1639413528891,516,Request
1639413528913,501,Request
1639413528851,564,Request
1639413528958,458,Request
1639413528771,646,Request
1639413528890,527,Request
1639413528760,659,Request
1639413528918,556,Request
1639413528890,588,Request
1639413528901,578,Request
1639413528776,728,Request
1639413528912,657,Request
1639413528690,923,Request
1639413529263,391,Request
1639413529267,449,Request
1639413529365,352,Request
1639413529397,320,Request
1639413529376,343,Request
1639413528956,764,Request
1639413529408,312,Request
1639413529334,388,Request
1639413529334,389,Request
1639413529328,395,Request
1639413529363,372,Request
1639413529264,472,Request
1639413529417,407,Request
1639413529414,411,Request
1639413529417,417,Request
1639413529336,501,Request
1639413529274,563,Request
1639413529478,380,Request
1639413529474,388,Request
1639413529415,447,Request
1639413529480,434,Request
1639413529417,497,Request
1639413529569,374,Request
1639413529419,525,Request
1639413529504,497,Request
1639413529717,317,Request
1639413529654,436,Request
1639413529744,346,Request
1639413529733,377,Request
1639413529834,285,Request
1639413529723,397,Request
1639413529724,397,Request
1639413529825,296,Request
1639413529824,300,Request
1639413529722,411,Request
1639413529736,409,Request
1639413529716,474,Request
1639413529862,331,Request
1639413529863,335,Request
1639413529736,464,Request
1639413529916,306,Request
1639413529858,372,Request
1639413529720,516,Request
1639413529914,349,Request
1639413529914,367,Request
1639413529837,463,Request
1639413529943,361,Request
1639413529613,698,Request
1639413529837,527,Request
1639413530110,284,Request
1639413529944,455,Request
1639413530091,312,Request
1639413530090,330,Request
1639413530125,306,Request
1639413530121,313,Request
1639413530120,334,Request
1639413530002,489,Request
1639413530194,346,Request
1639413530223,328,Request
1639413530200,352,Request
1639413530133,420,Request
1639413530184,374,Request
1639413530145,426,Request
1639413530185,394,Request
1639413530209,370,Request
1639413530300,310,Request
1639413530230,394,Request
1639413530210,426,Request
1639413530449,189,Request
1639413530236,478,Request
1639413530511,206,Request
1639413530263,455,Request
1639413530512,208,Request
1639413530190,530,Request
1639413530304,440,Request
1639413530520,241,Request
1639413530281,490,Request
1639413530540,237,Request
1639413530431,367,Request
1639413530520,280,Request
1639413530559,270,Request
1639413530579,254,Request
1639413530491,355,Request
1639413530582,281,Request
1639413530579,286,Request
1639413530553,321,Request
1639413530577,303,Request
1639413530399,487,Request
1639413530364,523,Request
1639413530636,265,Request
1639413530624,289,Request
1639413530560,380,Request
1639413530719,281,Request
1639413530311,719,Request
1639413530798,241,Request
1639413530744,299,Request
1639413530835,268,Request
1639413530844,261,Request
1639413530720,402,Request
1639413530811,320,Request
1639413530771,369,Request
1639413530904,238,Request
1639413530714,436,Request
1639413530941,212,Request
1639413530841,329,Request
1639413530720,460,Request
1639413530919,271,Request
1639413530913,290,Request
1639413530941,263,Request
1639413530950,261,Request
1639413530330,883,Request
1639413530941,310,Request
1639413530886,387,Request
1639413530888,402,Request
1639413530940,352,Request
1639413530851,450,Request
1639413531085,245,Request
1639413531091,249,Request
1639413531100,241,Request
1639413531202,239,Request
1639413531104,355,Request
1639413531140,353,Request
1639413531202,310,Request
1639413531262,262,Request
1639413531202,328,Request
1639413531278,252,Request
1639413531111,449,Request
1639413531181,383,Request
1639413531122,451,Request
1639413531304,284,Request
1639413531304,313,Request
1639413531304,314,Request
1639413531277,343,Request
1639413531304,336,Request
1639413531150,491,Request
1639413531344,327,Request
1639413531303,373,Request
1639413531356,324,Request
1639413531273,417,Request
1639413531361,351,Request
1639413531360,354,Request
1639413531030,708,Request
1639413531291,463,Request
1639413531441,320,Request
1639413531519,294,Request
1639413531464,367,Request
1639413531301,532,Request
1639413531530,361,Request
1639413531623,275,Request
1639413531503,399,Request
1639413531571,351,Request
1639413531651,300,Request
1639413531660,300,Request
1639413531634,334,Request
1639413531661,312,Request
1639413531671,307,Request
1639413531564,432,Request
1639413531659,353,Request
1639413531560,461,Request
1639413531718,304,Request
1639413531573,462,Request
1639413531704,337,Request
1639413531712,332,Request
1639413531714,338,Request
1639413531676,376,Request
1639413531641,412,Request
1639413531834,256,Request
1639413531838,280,Request
1639413531690,431,Request
1639413531213,928,Request
1639413531903,259,Request
1639413531902,295,Request
1639413531754,460,Request
1639413531942,275,Request
1639413532032,287,Request
1639413531833,487,Request
1639413531723,600,Request
1639413532104,281,Request
1639413532104,315,Request
1639413532105,325,Request
1639413532104,327,Request
1639413531996,438,Request
1639413532104,348,Request
1639413532022,432,Request
1639413532104,359,Request
1639413532104,370,Request
1639413532104,374,Request
1639413532035,445,Request
1639413532052,429,Request
1639413532104,378,Request
1639413532103,381,Request
1639413532053,433,Request
1639413532103,400,Request
1639413532227,304,Request
1639413532121,419,Request
1639413531738,813,Request
1639413532227,356,Request
1639413532284,397,Request
1639413532306,384,Request
1639413532423,268,Request
1639413532284,409,Request
1639413532214,497,Request
1639413532323,397,Request
1639413532431,330,Request
1639413532452,311,Request
1639413532452,312,Request
1639413532320,470,Request
1639413532478,362,Request
1639413532474,379,Request
1639413532484,376,Request
1639413532463,401,Request
1639413532490,374,Request
1639413532435,435,Request
1639413532454,436,Request
1639413532141,763,Request
1639413532484,427,Request
1639413532503,415,Request
1639413532558,382,Request
1639413532486,464,Request
1639413532480,470,Request
1639413532482,471,Request
1639413532482,529,Request
1639413532540,474,Request
1639413532583,450,Request
1639413532691,393,Request
1639413532694,400,Request
1639413532681,429,Request
1639413532551,595,Request
1639413532781,382,Request
1639413532720,450,Request
1639413532711,469,Request
1639413532795,407,Request
1639413532834,398,Request
1639413532830,410,Request
1639413532790,482,Request
1639413532864,437,Request
1639413532867,436,Request
1639413532853,450,Request
1639413532861,449,Request
1639413532856,455,Request
1639413532890,434,Request
1639413532870,470,Request
1639413532919,423,Request
1639413532912,441,Request
1639413532950,416,Request
1639413532950,483,Request
1639413532954,480,Request
1639413532882,558,Request
1639413533011,430,Request
1639413533014,449,Request
1639413532950,514,Request
1639413533033,431,Request
1639413533085,420,Request
1639413533094,437,Request
1639413532904,666,Request
1639413533170,404,Request
1639413533110,470,Request
1639413533202,432,Request
1639413533233,407,Request
1639413533170,470,Request
1639413533240,421,Request
1639413533180,497,Request
1639413533146,584,Request
1639413533310,421,Request
1639413533304,437,Request
1639413533301,442,Request
1639413533303,446,Request
1639413533311,439,Request
1639413533272,487,Request
1639413533366,418,Request
1639413533342,448,Request
1639413533324,486,Request
1639413533353,461,Request
1639413533340,490,Request
1639413533441,432,Request
1639413533464,420,Request
1639413533435,475,Request
1639413533440,478,Request
1639413533433,487,Request
1639413533463,477,Request
1639413533506,439,Request
1639413533531,419,Request
1639413533574,380,Request
1639413533464,493,Request
1639413533640,382,Request
1639413533580,444,Request
1639413533634,390,Request
1639413533661,382,Request
1639413533640,461,Request
1639413533677,444,Request
1639413533741,410,Request
1639413533743,410,Request
1639413533750,406,Request
1639413533750,408,Request
1639413533789,410,Request
1639413533790,424,Request
1639413533810,454,Request
1639413533759,505,Request
1639413533814,453,Request
1639413533733,551,Request
1639413533885,405,Request
1639413533874,437,Request
1639413533830,484,Request
1639413533730,633,Request
1639413533946,424,Request
1639413533962,411,Request
1639413533910,470,Request
1639413533918,465,Request
1639413533950,440,Request
1639413533940,453,Request
1639413533921,481,Request
1639413534030,390,Request
1639413534024,410,Request
1639413533570,868,Request
1639413533957,493,Request
1639413534024,438,Request
1639413534053,415,Request
1639413534101,442,Request
1639413534151,403,Request
1639413534153,407,Request
1639413534156,414,Request
1639413534158,436,Request
1639413534121,476,Request
1639413534200,414,Request
1639413534214,415,Request
1639413534284,407,Request
1639413534267,456,Request
1639413534290,440,Request
1639413534311,429,Request
1639413534264,477,Request
1639413534373,397,Request
1639413534264,529,Request
1639413534314,483,Request
1639413534430,380,Request
1639413534370,450,Request
1639413534390,440,Request
1639413534434,407,Request
1639413534380,482,Request
1639413534383,481,Request
1639413534468,408,Request
1639413534394,486,Request
1639413534401,497,Request
1639413534402,508,Request
1639413534462,454,Request
1639413534450,489,Request
1639413534561,417,Request
1639413534554,428,Request
1639413534571,423,Request
1639413534363,666,Request
1639413534594,440,Request
1639413534543,496,Request
1639413534614,433,Request
1639413534630,443,Request
1639413534597,500,Request
1639413534691,426,Request
1639413534773,411,Request
1639413534730,465,Request
1639413534723,476,Request
1639413534438,766,Request
1639413534740,478,Request
1639413534741,488,Request
1639413534841,427,Request
1639413534898,373,Request
1639413534834,444,Request
1639413534820,462,Request
1639413534797,487,Request
1639413534793,509,Request
1639413534831,472,Request
1639413534876,456,Request
1639413534863,493,Request
1639413534864,503,Request
1639413534880,506,Request
1639413534917,486,Request
1639413534910,511,Request
1639413534983,452,Request
1639413534940,500,Request
1639413534978,464,Request
1639413534994,468,Request
1639413535034,444,Request
1639413535048,457,Request
1639413535019,500,Request
1639413535039,484,Request
1639413535073,456,Request
1639413535117,437,Request
1639413535097,489,Request
1639413535186,428,Request
1639413535199,456,Request
1639413535196,467,Request
1639413535218,459,Request
1639413535030,656,Request
1639413535230,465,Request
1639413535268,432,Request
1639413535312,389,Request
1639413535278,442,Request
1639413535283,460,Request
1639413535303,447,Request
1639413535332,440,Request
1639413535284,492,Request
1639413535302,485,Request
1639413535357,482,Request
1639413535367,499,Request
1639413535386,492,Request
1639413535436,454,Request
1639413535442,448,Request
1639413535403,490,Request
1639413535421,497,Request
1639413535462,471,Request
1639413535204,730,Request
1639413535441,498,Request
1639413535478,476,Request
1639413535505,456,Request
1639413535524,478,Request
1639413535529,474,Request
1639413535554,460,Request
1639413535519,509,Request
1639413535615,429,Request
1639413535725,341,Request
1639413535586,521,Request
1639413535700,410,Request
1639413535656,457,Request
1639413535678,445,Request
1639413535721,408,Request
1639413535663,473,Request
1639413535772,378,Request
1639413535696,510,Request
1639413535743,463,Request
1639413535750,459,Request
1639413535776,494,Request
1639413535839,463,Request
1639413535890,417,Request
1639413535890,430,Request
1639413535933,404,Request
1639413535688,656,Request
1639413535954,397,Request
1639413535962,392,Request
1639413535788,570,Request
1639413535893,476,Request
1639413535879,498,Request
1639413535866,517,Request
1639413536016,413,Request
1639413536139,300,Request
1639413536044,395,Request
1639413536004,472,Request
1639413535918,570,Request
1639413535939,568,Request
1639413536002,518,Request
1639413536134,387,Request
1639413536113,409,Request
1639413536123,416,Request
1639413536028,532,Request
1639413536186,384,Request
1639413536136,444,Request
1639413536113,484,Request
1639413536209,422,Request
1639413536206,439,Request
1639413536107,544,Request
1639413536206,472,Request
1639413536320,406,Request
1639413536317,412,Request
1639413536361,379,Request
1639413536270,513,Request
1639413536391,396,Request
1639413536303,489,Request
1639413536381,430,Request
1639413536473,341,Request
1639413536369,455,Request
1639413536442,391,Request
1639413536377,475,Request
1639413536359,513,Request
1639413536565,312,Request
1639413536540,354,Request
1639413536559,349,Request
1639413536383,530,Request
1639413536476,448,Request
1639413536613,351,Request
1639413536551,421,Request
1639413536580,394,Request
1639413536520,459,Request
1639413535935,1048,Request
1639413536507,482,Request
1639413536488,506,Request
1639413536645,376,Request
1639413536597,430,Request
1639413536638,393,Request
1639413536560,517,Request
1639413536744,356,Request
1639413536746,375,Request
1639413536788,358,Request
1639413536817,337,Request
1639413536678,501,Request
1639413536899,322,Request
1639413536812,410,Request
1639413536651,582,Request
1639413536783,459,Request
1639413536872,373,Request
1639413536993,259,Request
1639413536792,468,Request
1639413536232,1035,Request
1639413536966,302,Request
1639413536824,453,Request
1639413536924,399,Request
1639413536993,339,Request
1639413536344,1017,Request
1639413536978,390,Request
1639413536852,521,Request
1639413536872,510,Request
1639413537040,344,Request
1639413536914,480,Request
1639413537028,384,Request
1639413537007,437,Request
1639413536989,467,Request
1639413536979,478,Request
1639413537064,394,Request
1639413537072,386,Request
1639413537174,299,Request
1639413537243,292,Request
1639413536994,547,Request
1639413537215,339,Request
1639413537077,496,Request
1639413537333,240,Request
1639413537240,343,Request
1639413537324,296,Request
1639413537179,455,Request
1639413537277,378,Request
1639413537260,443,Request
1639413537242,466,Request
1639413537233,502,Request
1639413537472,271,Request
1639413537473,310,Request
1639413537374,419,Request
1639413537473,349,Request
1639413537444,384,Request
1639413537472,369,Request
1639413537473,377,Request
1639413537395,461,Request
1639413537524,339,Request
1639413537520,373,Request
1639413537456,440,Request
1639413537473,433,Request
1639413536983,925,Request
1639413537601,312,Request
1639413537382,532,Request
1639413537457,467,Request
1639413537480,467,Request
1639413537170,863,Request
1639413537685,359,Request
1639413537685,360,Request
1639413537685,366,Request
1639413537541,520,Request
1639413537361,741,Request
1639413537746,372,Request
1639413537573,560,Request
1639413537634,501,Request
1639413537703,438,Request
1639413537834,309,Request
1639413537795,364,Request
1639413537708,464,Request
1639413537744,429,Request
1639413537866,339,Request
1639413537267,967,Request
1639413537863,372,Request
1639413537845,392,Request
1639413537735,532,Request
1639413537814,468,Request
1639413537918,373,Request
1639413537897,410,Request
1639413537856,471,Request
1639413537906,443,Request
1639413537938,429,Request
1639413537946,424,Request
1639413537924,450,Request
1639413537897,492,Request
1639413537914,477,Request
1639413537947,483,Request
1639413538054,386,Request
1639413537481,960,Request
1639413538113,398,Request
1639413538122,399,Request
1639413538155,387,Request
1639413538061,511,Request
1639413538191,397,Request
1639413538135,484,Request
1639413538151,479,Request
1639413538174,476,Request
1639413538214,447,Request
1639413538133,531,Request
1639413538173,492,Request
1639413538278,419,Request
1639413537908,822,Request
1639413538294,437,Request
1639413538294,456,Request
1639413538034,730,Request
1639413538349,437,Request
1639413538267,526,Request
1639413538324,469,Request
1639413538283,511,Request
1639413538306,489,Request
1639413538354,441,Request
1639413538373,432,Request
1639413538102,718,Request
1639413538381,451,Request
1639413538328,504,Request
1639413538482,388,Request
1639413538376,515,Request
1639413538391,509,Request
1639413538430,479,Request
1639413538389,521,Request
1639413538563,404,Request
1639413538533,437,Request
1639413538234,767,Request
1639413538559,445,Request
1639413538572,519,Request
1639413538669,425,Request
1639413538620,490,Request
1639413538650,469,Request
1639413538630,491,Request
1639413538661,498,Request
1639413538752,428,Request
1639413538664,562,Request
1639413538665,564,Request
1639413538750,487,Request
1639413538791,491,Request
1639413538800,512,Request
1639413538793,536,Request
1639413538441,891,Request
1639413538795,537,Request
1639413538803,553,Request
1639413538832,527,Request
1639413538833,580,Request
1639413538833,590,Request
1639413538794,639,Request
1639413538793,667,Request
1639413538992,491,Request
1639413538910,610,Request
1639413539031,504,Request
1639413538891,646,Request
1639413539201,343,Request
1639413539013,533,Request
1639413538673,882,Request
1639413538910,653,Request
1639413539031,533,Request
1639413538900,684,Request
1639413539094,500,Request
1639413538730,865,Request
1639413538820,782,Request
1639413539282,344,Request
1639413538764,891,Request
1639413539312,352,Request
1639413539160,516,Request
1639413539119,567,Request
1639413539110,594,Request
1639413539091,616,Request
1639413539121,601,Request
1639413539360,363,Request
1639413539238,504,Request
1639413539329,419,Request
1639413539001,758,Request
1639413539332,443,Request
1639413539226,567,Request
1639413539423,372,Request
1639413539357,444,Request
1639413539483,382,Request
1639413539229,667,Request
1639413539535,379,Request
1639413539413,509,Request
1639413539546,381,Request
1639413539564,373,Request
1639413539680,267,Request
1639413539433,521,Request
1639413539594,361,Request
1639413539460,514,Request
1639413539676,350,Request
1639413539740,296,Request
1639413539563,474,Request
1639413539543,500,Request
1639413539520,524,Request
1639413539555,512,Request
1639413539765,315,Request
1639413539584,547,Request
1639413539742,399,Request
1639413539786,373,Request
1639413539686,491,Request
1639413539704,477,Request
1639413539707,483,Request
1639413539784,406,Request
1639413539813,393,Request
1639413539722,498,Request
1639413539876,347,Request
1639413539813,438,Request
1639413539793,491,Request
1639413539759,551,Request
1639413539896,445,Request
1639413539332,1010,Request
1639413539922,422,Request
1639413539994,378,Request
1639413540028,355,Request
1639413539984,399,Request
1639413539954,442,Request
1639413540000,411,Request
1639413539603,831,Request
1639413539655,789,Request
1639413539974,487,Request
1639413539595,866,Request
1639413540074,405,Request
1639413540043,459,Request
1639413540037,477,Request
1639413540044,507,Request
1639413540067,526,Request
1639413540177,454,Request
1639413540133,498,Request
1639413540213,421,Request
1639413540182,461,Request
1639413540233,428,Request
1639413540203,460,Request
1639413540161,504,Request
1639413540190,493,Request
1639413540224,461,Request
1639413540220,496,Request
1639413540304,477,Request
1639413540350,433,Request
1639413540290,503,Request
1639413540314,486,Request
1639413540310,534,Request
1639413540349,507,Request
1639413540363,510,Request
1639413540402,477,Request
1639413539966,923,Request
1639413540344,600,Request
1639413540469,479,Request
1639413540462,490,Request
1639413540461,523,Request
1639413540491,502,Request
1639413540461,538,Request
1639413540461,543,Request
1639413540531,490,Request
1639413540512,511,Request
1639413540514,529,Request
1639413540434,652,Request
1639413540551,550,Request
1639413540593,551,Request
1639413540632,518,Request
1639413540671,491,Request
1639413540645,527,Request
1639413540663,513,Request
1639413540651,531,Request
1639413540461,726,Request
1639413540703,503,Request
1639413540687,527,Request
1639413540667,558,Request
1639413540343,883,Request
1639413540683,560,Request
1639413540444,812,Request
1639413540716,546,Request
1639413540814,516,Request
1639413540800,533,Request
1639413540781,558,Request
1639413540856,514,Request
1639413540879,503,Request
1639413540793,597,Request
1639413540844,549,Request
1639413540874,519,Request
1639413540951,503,Request
1639413540890,572,Request
1639413540947,519,Request
1639413540992,509,Request
1639413540983,520,Request
1639413540943,562,Request
1639413540998,537,Request
1639413541020,515,Request
1639413541003,538,Request
1639413541022,553,Request
1639413541042,557,Request
1639413541100,542,Request
1639413541161,492,Request
1639413541205,496,Request
1639413541143,563,Request
1639413541171,535,Request
1639413541175,538,Request
1639413541150,574,Request
1639413541182,544,Request
1639413541213,530,Request
1639413541085,662,Request
1639413541225,530,Request
1639413541243,534,Request
1639413541262,551,Request
1639413541071,754,Request
1639413541329,504,Request
1639413541332,504,Request
1639413541338,525,Request
1639413541369,498,Request
1639413541186,693,Request
1639413541381,507,Request
1639413541255,684,Request
1639413541392,550,Request
1639413541455,494,Request
1639413541389,561,Request
1639413541466,498,Request
1639413541392,576,Request
1639413541501,492,Request
1639413541505,534,Request
1639413541535,514,Request
1639413541503,546,Request
1639413541542,530,Request
1639413541461,615,Request
1639413541227,853,Request
1639413541575,524,Request
1639413541535,565,Request
1639413541599,519,Request
1639413541654,469,Request
1639413541642,541,Request
1639413541702,487,Request
1639413541706,524,Request
1639413541713,517,Request
1639413541706,537,Request
1639413541743,510,Request
1639413541724,529,Request
1639413541777,539,Request
1639413541756,585,Request
1639413541813,530,Request
1639413541888,472,Request
1639413541863,516,Request
1639413541867,522,Request
1639413541836,557,Request
1639413541833,560,Request
1639413541726,667,Request
1639413541752,659,Request
1639413541949,512,Request
1639413541968,509,Request
1639413541950,549,Request
1639413541943,559,Request
1639413541826,680,Request
1639413541993,518,Request
1639413541968,565,Request
1639413542049,506,Request
1639413542049,541,Request
1639413542040,553,Request
1639413542138,478,Request
1639413542072,546,Request
1639413542100,549,Request
1639413542100,560,Request
1639413542076,597,Request
1639413542118,564,Request
1639413542189,511,Request
1639413542183,537,Request
1639413541879,850,Request
1639413542231,530,Request
1639413541940,824,Request
1639413542253,516,Request
1639413542230,543,Request
1639413542253,561,Request
1639413542243,576,Request
1639413542259,597,Request
1639413542316,541,Request
1639413542342,534,Request
1639413542344,554,Request
1639413542392,510,Request
1639413542393,510,Request
1639413542389,523,Request
1639413542393,526,Request
1639413542379,540,Request
1639413542081,851,Request
1639413542393,547,Request
1639413542461,494,Request
1639413542511,488,Request
1639413542477,524,Request
1639413542502,542,Request
1639413542411,639,Request
1639413542555,505,Request
1639413542500,564,Request
1639413542533,579,Request
1639413542627,503,Request
1639413542590,569,Request
1639413542618,570,Request
1639413542593,600,Request
1639413542700,496,Request
1639413542649,551,Request
1639413542684,565,Request
1639413542660,599,Request
1639413542761,538,Request
1639413542721,583,Request
1639413542673,645,Request
1639413542773,553,Request
1639413542507,824,Request
1639413542769,568,Request
1639413542814,574,Request
1639413542819,590,Request
1639413542903,516,Request
1639413542902,517,Request
1639413542912,522,Request
1639413542876,560,Request
1639413542857,599,Request
1639413542899,561,Request
1639413542857,605,Request
1639413542955,518,Request
1639413542768,709,Request
1639413542919,558,Request
1639413542920,559,Request
1639413542729,753,Request
1639413542940,583,Request
1639413543002,538,Request
1639413543010,542,Request
1639413543060,529,Request
1639413543044,558,Request
1639413543130,510,Request
1639413543068,591,Request
1639413543196,517,Request
1639413543159,561,Request
1639413543112,611,Request
1639413543050,759,Request
1639413543200,620,Request
1639413543249,571,Request
1639413542932,889,Request
1639413543193,628,Request
1639413543189,633,Request
1639413543299,543,Request
1639413543259,589,Request
1639413543326,551,Request
1639413543338,548,Request
1639413543419,478,Request
1639413543304,595,Request
1639413543318,626,Request
1639413543434,539,Request
1639413543419,560,Request
1639413543473,526,Request
1639413543479,539,Request
1639413543478,541,Request
1639413543388,635,Request
1639413543436,596,Request
1639413543410,628,Request
1639413543457,592,Request
1639413543460,592,Request
1639413543462,591,Request
1639413543541,518,Request
1639413543552,511,Request
1639413543331,751,Request
1639413543524,572,Request
1639413543640,479,Request
1639413543589,541,Request
1639413543449,721,Request
1639413543602,579,Request
1639413543478,732,Request
1639413543482,733,Request
1639413543713,538,Request
1639413543660,602,Request
1639413543720,573,Request
1639413543724,586,Request
1639413543842,554,Request
1639413543820,594,Request
1639413543820,601,Request
1639413543877,546,Request
1639413543849,583,Request
1639413543822,617,Request
1639413543886,557,Request
1639413543821,622,Request
1639413543928,525,Request
1639413543810,653,Request
1639413543899,606,Request
1639413543979,568,Request
1639413543999,554,Request
1639413543944,633,Request
1639413544019,567,Request
1639413544018,595,Request
1639413544063,570,Request
1639413544059,581,Request
1639413544023,624,Request
1639413544032,619,Request
1639413544052,607,Request
1639413544053,607,Request
1639413544038,629,Request
1639413544049,620,Request
1639413543821,859,Request
1639413544130,561,Request
1639413543973,739,Request
1639413544152,591,Request
1639413544096,652,Request
1639413544181,619,Request
1639413544251,559,Request
1639413544171,692,Request
1639413544262,610,Request
1639413544295,614,Request
1639413544453,480,Request
1639413544396,537,Request
1639413544082,869,Request
1639413544311,668,Request
1639413544424,558,Request
1639413544443,546,Request
1639413544422,590,Request
1639413544211,808,Request
1639413544439,593,Request
1639413544215,824,Request
1639413544414,637,Request
1639413544586,465,Request
1639413544553,508,Request
1639413544433,643,Request
1639413544635,443,Request
1639413544505,579,Request
1639413544613,474,Request
1639413544443,644,Request
1639413544640,453,Request
1639413544548,545,Request
1639413544692,423,Request
1639413544810,351,Request
1639413544660,572,Request
1639413544659,589,Request
1639413544748,525,Request
1639413544667,616,Request
1639413544651,651,Request
1639413544800,512,Request
1639413544670,650,Request
1639413544647,712,Request
1639413544983,389,Request
1639413544463,955,Request
1639413544989,440,Request
1639413544604,826,Request
1639413544909,521,Request
1639413544933,499,Request
1639413544982,465,Request
1639413544577,893,Request
1639413544872,608,Request
1639413545073,429,Request
1639413545093,450,Request
1639413545112,443,Request
1639413545142,427,Request
1639413545221,359,Request
1639413545172,413,Request
1639413545012,580,Request
1639413545173,450,Request
1639413545051,579,Request
1639413544979,654,Request
1639413545032,608,Request
1639413544743,897,Request
1639413545330,330,Request
1639413545076,586,Request
1639413545084,629,Request
1639413544713,1007,Request
1639413544863,870,Request
1639413545248,515,Request
1639413544680,1085,Request
1639413545087,704,Request
1639413545273,532,Request
1639413545232,597,Request
1639413544951,890,Request
1639413545453,397,Request
1639413545303,567,Request
1639413545321,578,Request
1639413545500,410,Request
1639413545284,628,Request
1639413545320,632,Request
1639413545019,934,Request
1639413545511,462,Request
1639413545039,943,Request
1639413545430,559,Request
1639413545359,650,Request
1639413545503,517,Request
1639413545593,440,Request
1639413545480,589,Request
1639413545470,630,Request
1639413545620,500,Request
1639413545593,566,Request
1639413545630,537,Request
1639413545650,531,Request
1639413545418,771,Request
1639413545654,539,Request
1639413545640,560,Request
1639413545430,781,Request
1639413545638,574,Request
1639413545697,523,Request
1639413545696,527,Request
1639413545662,580,Request
1639413545743,527,Request
1639413545713,598,Request
1639413545769,576,Request
1639413545805,594,Request
1639413545829,613,Request
1639413545792,650,Request
1639413545899,600,Request
1639413545870,641,Request
1639413545720,812,Request
1639413545640,902,Request
1639413545916,670,Request
1639413545912,674,Request
1639413545989,598,Request
1639413545999,593,Request
1639413546054,547,Request
1639413545952,651,Request
1639413546054,569,Request
1639413545733,893,Request
1639413546054,582,Request
1639413546010,636,Request
1639413546134,540,Request
1639413545811,864,Request
1639413546101,723,Request
1639413546212,618,Request
1639413546346,484,Request
1639413545953,878,Request
1639413545841,990,Request
1639413546151,682,Request
1639413546160,673,Request
1639413546169,665,Request
1639413546201,633,Request
1639413546224,611,Request
1639413546213,622,Request
1639413546182,654,Request
1639413546194,642,Request
1639413546221,616,Request
1639413546272,566,Request
1639413546070,770,Request
1639413545765,1075,Request
1639413546312,552,Request
1639413546244,629,Request
1639413545982,928,Request
1639413546400,570,Request
1639413546190,808,Request
1639413546512,513,Request
1639413546443,591,Request
1639413546443,608,Request
1639413546500,600,Request
1639413546624,519,Request
1639413546602,552,Request
1639413546593,587,Request
1639413546588,595,Request
1639413546588,624,Request
1639413546588,632,Request
1639413546605,625,Request
1639413546543,697,Request
1639413546533,718,Request
1639413546637,615,Request
1639413546647,607,Request
1639413546674,596,Request
1639413546627,704,Request
1639413546835,565,Request
1639413546676,725,Request
1639413546837,574,Request
1639413546836,577,Request
1639413546836,585,Request
1639413546833,590,Request
1639413546838,592,Request
1639413546864,580,Request
1639413546834,635,Request
1639413546833,637,Request
1639413546835,666,Request
1639413546873,630,Request
1639413546829,681,Request
1639413546834,676,Request
1639413546840,671,Request
1639413546830,691,Request
1639413546881,665,Request
1639413546832,718,Request
1639413546971,663,Request
1639413546832,880,Request
1639413546841,920,Request
1639413547034,733,Request
1639413547050,722,Request
1639413547051,742,Request
1639413546998,815,Request
1639413547160,674,Request
1639413547154,682,Request
1639413546911,926,Request
1639413547100,757,Request
1639413547180,696,Request
1639413547270,660,Request
1639413547183,781,Request
1639413547212,757,Request
1639413547230,740,Request
1639413547220,760,Request
1639413547254,744,Request
1639413547253,771,Request
1639413547400,642,Request
1639413547328,725,Request
1639413547411,669,Request
1639413547430,662,Request
1639413547421,681,Request
1639413547414,689,Request
1639413547423,709,Request
1639413547444,699,Request
1639413547240,964,Request
1639413547469,743,Request
1639413547511,720,Request
1639413547471,773,Request
1639413547331,932,Request
1639413547546,726,Request
1639413547251,1026,Request
1639413547634,650,Request
1639413547836,496,Request
1639413547511,822,Request
1639413547501,832,Request
1639413547401,944,Request
1639413547503,850,Request
1639413547510,845,Request
1639413547521,852,Request
1639413547834,540,Request
1639413547876,517,Request
1639413547772,633,Request
1639413547930,523,Request
1639413547767,698,Request
1639413548042,454,Request
1639413547857,669,Request
1639413548081,453,Request
1639413548092,451,Request
1639413547793,751,Request
1639413548024,522,Request
1639413548103,474,Request
1639413548102,502,Request
1639413547550,1064,Request
1639413548132,491,Request
1639413547969,655,Request
1639413547970,687,Request
1639413547998,659,Request
1639413547712,952,Request
1639413547980,697,Request
1639413548143,577,Request
1639413548053,684,Request
1639413548212,531,Request
1639413547964,781,Request
1639413547761,1036,Request
1639413548272,539,Request
1639413548244,568,Request
1639413548231,582,Request
1639413548333,646,Request
1639413548526,472,Request
1639413548465,549,Request
1639413548356,664,Request
1639413548604,417,Request
1639413548668,356,Request
1639413548204,827,Request
1639413548658,379,Request
1639413548544,496,Request
1639413548840,220,Request
1639413548280,781,Request
1639413548737,325,Request
1639413548432,643,Request
1639413548386,693,Request
1639413547813,1267,Request
1639413548284,796,Request
1639413547837,1243,Request
1639413548433,650,Request
1639413548333,777,Request
1639413548533,583,Request
1639413548979,145,Request
1639413548345,795,Request
1639413548614,527,Request
1639413548353,789,Request
1639413548405,738,Request
1639413548373,858,Request
1639413548640,593,Request
1639413548658,602,Request
1639413548263,1001,Request
1639413548642,662,Request
1639413548624,701,Request
1639413548692,642,Request
1639413548436,914,Request
1639413548668,700,Request
1639413548657,725,Request
1639413549020,364,Request
1639413549031,362,Request
1639413548677,734,Request
1639413548721,740,Request
1639413549031,447,Request
1639413548820,720,Request
1639413548746,802,Request
1639413548813,737,Request
1639413548812,741,Request
1639413548664,897,Request
1639413549079,562,Request
1639413549083,579,Request
1639413549116,585,Request
1639413549093,609,Request
1639413548797,915,Request
1639413549080,633,Request
1639413549144,570,Request
1639413549075,674,Request
1639413549110,647,Request
1639413549120,651,Request
1639413549061,723,Request
1639413549143,644,Request
1639413549142,651,Request
1639413549233,568,Request
1639413549080,724,Request
1639413549080,734,Request
1639413549233,598,Request
1639413549261,580,Request
1639413549234,640,Request
1639413549231,670,Request
1639413549304,598,Request
1639413549199,712,Request
1639413549140,775,Request
1639413549334,608,Request
1639413549325,628,Request
1639413549313,648,Request
1639413549350,704,Request
1639413549382,693,Request
1639413549264,820,Request
1639413549368,719,Request
1639413549411,698,Request
1639413549461,657,Request
1639413549365,754,Request
1639413549420,703,Request
1639413549551,662,Request
1639413549541,673,Request
1639413549548,673,Request
1639413549553,682,Request
1639413549652,620,Request
1639413549702,593,Request
1639413549662,633,Request
1639413549812,532,Request
1639413549716,651,Request
1639413549841,527,Request
1639413549702,677,Request
1639413549605,786,Request
1639413549831,564,Request
1639413549713,698,Request
1639413549942,481,Request
1639413549902,559,Request
1639413549788,685,Request
1639413549598,875,Request
1639413549793,689,Request
1639413549757,745,Request
1639413549771,753,Request
1639413549749,780,Request
1639413549562,967,Request
1639413550088,456,Request
1639413549874,680,Request
1639413549597,1006,Request
1639413549596,1011,Request
1639413549953,662,Request
1639413550118,509,Request
1639413549961,675,Request
1639413549901,782,Request
1639413550295,409,Request
1639413550214,517,Request
1639413550109,623,Request
1639413549712,1042,Request
1639413550296,471,Request
1639413550383,390,Request
1639413549784,989,Request
1639413550272,506,Request
1639413549804,980,Request
1639413550235,569,Request
1639413550213,594,Request
1639413549915,924,Request
1639413549814,1026,Request
1639413550076,768,Request
1639413550119,730,Request
1639413550367,534,Request
1639413550123,778,Request
1639413550221,680,Request
1639413550411,503,Request
1639413550434,500,Request
1639413550480,470,Request
1639413549911,1070,Request
1639413550084,900,Request
1639413550411,580,Request
1639413550380,624,Request
1639413550473,541,Request
1639413550561,460,Request
1639413550664,437,Request
1639413550054,1047,Request
1639413550482,636,Request
1639413550502,672,Request
1639413550554,625,Request
1639413550615,583,Request
1639413550524,729,Request
1639413550636,644,Request
1639413550722,569,Request
1639413550859,451,Request
1639413550392,924,Request
1639413550474,848,Request
1639413550794,586,Request
1639413550529,862,Request
1639413550808,585,Request
1639413550823,599,Request
1639413550732,692,Request
1639413550529,916,Request
1639413550683,781,Request
1639413550849,634,Request
1639413550607,882,Request
1639413550955,548,Request
1639413550901,606,Request
1639413550901,612,Request
1639413550603,933,Request
1639413550844,700,Request
1639413550902,657,Request
1639413550784,789,Request
1639413551000,593,Request
1639413550748,873,Request
1639413551007,623,Request
1639413551004,630,Request
1639413550839,812,Request
1639413550774,880,Request
1639413551007,647,Request
1639413550754,906,Request
1639413551084,592,Request
1639413550841,850,Request
1639413551083,698,Request
1639413550981,801,Request
1639413551113,680,Request
1639413551116,684,Request
1639413550984,819,Request
1639413551113,709,Request
1639413551102,751,Request
1639413551118,744,Request
1639413551175,740,Request
1639413551179,738,Request
1639413551202,741,Request
1639413551300,700,Request
1639413551253,771,Request
1639413551281,753,Request
1639413551316,786,Request
1639413551380,730,Request
1639413551344,800,Request
1639413551322,828,Request
1639413551403,750,Request
1639413551422,749,Request
1639413551424,760,Request
1639413551483,707,Request
1639413551392,799,Request
1639413551490,724,Request
1639413551504,716,Request
1639413551464,766,Request
1639413551446,829,Request
1639413551544,766,Request
1639413551513,805,Request
1639413551507,816,Request
1639413551593,739,Request
1639413551560,790,Request
1639413551573,797,Request
1639413551631,740,Request
1639413551536,838,Request
1639413551635,743,Request
1639413551489,891,Request
1639413551676,721,Request
1639413551654,800,Request
1639413551781,681,Request
1639413551793,686,Request
1639413551652,832,Request
1639413551621,868,Request
1639413551800,697,Request
1639413551822,709,Request
1639413551661,874,Request
1639413551654,888,Request
1639413551803,798,Request
1639413551691,911,Request
1639413551782,829,Request
1639413551853,780,Request
1639413551862,775,Request
1639413551883,761,Request
1639413551918,734,Request
1639413551915,756,Request
1639413551943,740,Request
1639413552000,704,Request
1639413552024,760,Request
1639413552036,758,Request
1639413552110,717,Request
1639413552171,702,Request
1639413552103,772,Request
1639413552214,685,Request
1639413552190,709,Request
1639413552153,746,Request
1639413552220,697,Request
1639413552184,747,Request
1639413552144,790,Request
1639413552150,790,Request
1639413552193,787,Request
1639413552230,796,Request
1639413552332,698,Request
1639413552310,751,Request
1639413552397,674,Request
1639413552318,756,Request
1639413552276,805,Request
1639413552323,771,Request
1639413552379,732,Request
1639413552372,768,Request
1639413552350,801,Request
1639413552370,811,Request
1639413552380,814,Request
1639413552462,738,Request
1639413552479,722,Request
1639413552497,705,Request
1639413552374,835,Request
1639413552460,778,Request
1639413552532,721,Request
1639413552484,849,Request
1639413552542,801,Request
1639413552489,874,Request
1639413552637,733,Request
1639413552612,767,Request
1639413552653,738,Request
1639413552537,857,Request
1639413552602,797,Request
1639413552601,799,Request
1639413552705,697,Request
1639413552633,770,Request
1639413552645,767,Request
1639413552683,822,Request
1639413552672,742,Request
1639413552784,767,Request
1639413552794,770,Request
1639413552873,734,Request
1639413552917,698,Request
1639413552828,789,Request
1639413552899,719,Request
1639413552899,742,Request
1639413552899,763,Request
1639413552875,826,Request
1639413552931,779,Request
1639413552934,805,Request
1639413552980,776,Request
1639413552940,822,Request
1639413553030,740,Request
1639413553071,719,Request
1639413553026,775,Request
1639413553061,771,Request
1639413553079,760,Request
1639413553081,810,Request
1639413553095,798,Request
1639413553111,788,Request
1639413553200,700,Request
1639413553201,701,Request
1639413553202,714,Request
1639413553151,770,Request
1639413553181,779,Request
1639413553253,740,Request
1639413553238,783,Request
1639413553209,824,Request
1639413553195,867,Request
1639413553402,728,Request
1639413553333,798,Request
1639413553371,778,Request
1639413553343,811,Request
1639413553391,780,Request
1639413553380,801,Request
1639413553363,837,Request
1639413553412,789,Request
1639413553400,805,Request
1639413553140,1068,Request
1639413553403,810,Request
1639413553399,835,Request
1639413553506,754,Request
1639413553394,869,Request
1639413553505,765,Request
1639413553565,729,Request
1639413553551,789,Request
1639413553618,723,Request
1639413553615,801,Request
1639413553608,853,Request
1639413553641,870,Request
1639413553618,942,Request
1639413553662,905,Request
1639413553701,921,Request
1639413553710,923,Request
1639413553790,848,Request
1639413553770,868,Request
1639413553756,926,Request
1639413553916,767,Request
1639413553739,958,Request
1639413553009,1705,Request
1639413553762,1007,Request
1639413553902,868,Request
1639413553839,931,Request
1639413553832,940,Request
1639413553801,972,Request
1639413553900,917,Request
1639413553921,902,Request
1639413553893,931,Request
1639413553900,967,Request
1639413554130,745,Request
1639413553993,901,Request
1639413553891,1043,Request
1639413553960,990,Request
1639413554021,937,Request
1639413554033,980,Request
1639413554062,1029,Request
1639413554132,984,Request
1639413554171,959,Request
1639413554416,714,Request
1639413554341,802,Request
1639413554150,994,Request
1639413554213,960,Request
1639413554154,1021,Request
1639413554260,931,Request
1639413554201,1009,Request
1639413554182,1029,Request
1639413554341,880,Request
1639413554206,1018,Request
1639413554511,740,Request
1639413554295,959,Request
1639413554270,984,Request
1639413554234,1024,Request
1639413554200,1070,Request
1639413554461,839,Request
1639413554263,1061,Request
1639413554568,768,Request
1639413554344,1028,Request
1639413554560,821,Request
1639413554639,791,Request
1639413554638,796,Request
1639413554622,828,Request
1639413554634,827,Request
1639413554682,794,Request
1639413554697,863,Request
1639413554772,810,Request
1639413554875,708,Request
1639413554683,910,Request
1639413554770,824,Request
1639413554771,823,Request
1639413554817,801,Request
1639413554773,845,Request
1639413554824,808,Request
1639413554769,868,Request
1639413554208,1433,Request
1639413554823,832,Request
1639413554867,875,Request
1639413554895,865,Request
1639413554958,826,Request
1639413554951,862,Request
1639413554934,879,Request
1639413555130,684,Request
1639413555144,750,Request
1639413555130,773,Request
1639413555013,914,Request
1639413555117,821,Request
1639413555091,854,Request
1639413555191,779,Request
1639413555173,806,Request
1639413555221,759,Request
1639413555210,801,Request
1639413555149,863,Request
1639413555211,809,Request
1639413555176,853,Request
1639413555254,775,Request
1639413555251,780,Request
1639413555254,796,Request
1639413555337,724,Request
1639413555224,917,Request
1639413555258,883,Request
1639413554714,1428,Request
1639413555301,855,Request
1639413555434,747,Request
1639413555383,801,Request
1639413555430,760,Request
1639413555270,931,Request
1639413555450,810,Request
1639413555324,937,Request
1639413555590,700,Request
1639413555372,930,Request
1639413555477,836,Request
1639413555594,756,Request
1639413555582,772,Request
1639413555594,770,Request
1639413555461,918,Request
1639413555483,945,Request
1639413555618,813,Request
1639413555560,871,Request
1639413555618,813,Request
1639413555632,800,Request
1639413555656,808,Request
1639413555637,834,Request
1639413555593,897,Request
1639413555814,692,Request
1639413555760,770,Request
1639413555742,793,Request
1639413555784,781,Request
1639413555813,831,Request
1639413555894,756,Request
1639413555904,757,Request
1639413555813,897,Request
1639413555970,781,Request
1639413555980,794,Request
1639413555979,812,Request
1639413556029,769,Request
1639413556011,787,Request
1639413555927,874,Request
1639413556061,749,Request
1639413556031,791,Request
1639413556012,818,Request
1639413555938,903,Request
1639413555641,1202,Request
1639413556020,840,Request
1639413556050,830,Request
1639413555948,943,Request
1639413556029,862,Request
1639413556182,709,Request
1639413556190,710,Request
1639413556157,771,Request
1639413556141,799,Request
1639413556184,760,Request
1639413556142,815,Request
1639413556290,700,Request
1639413556260,770,Request
1639413556201,836,Request
1639413556313,760,Request
1639413556354,740,Request
1639413556351,750,Request
1639413556379,820,Request
1639413556506,698,Request
1639413556432,779,Request
1639413556431,794,Request
1639413556364,867,Request
1639413556431,813,Request
1639413556431,819,Request
1639413556464,787,Request
1639413556302,951,Request
1639413556262,991,Request
1639413556490,830,Request
1639413556428,909,Request
1639413556471,875,Request
1639413556565,782,Request
1639413556530,841,Request
1639413556535,849,Request
1639413556650,759,Request
1639413556620,792,Request
1639413556663,790,Request
1639413556644,858,Request
1639413556751,765,Request
1639413556142,1409,Request
1639413556710,861,Request
1639413556779,812,Request
1639413556810,784,Request
1639413556822,774,Request
1639413556798,803,Request
1639413556799,803,Request
1639413556791,811,Request
1639413556900,745,Request
1639413556891,786,Request
1639413556880,830,Request
1639413556841,879,Request
1639413556860,861,Request
1639413556801,923,Request
1639413556990,750,Request
1639413556830,921,Request
1639413556929,822,Request
1639413556891,869,Request
1639413556944,834,Request
1639413556957,973,Request
1639413557031,900,Request
1639413557037,927,Request
1639413557211,763,Request
1639413557225,771,Request
1639413557250,770,Request
1639413557409,629,Request
1639413556891,1152,Request
1639413556940,1104,Request
1639413557204,840,Request
1639413557101,945,Request
1639413557094,954,Request
1639413557074,974,Request
1639413557375,706,Request
1639413557231,886,Request
1639413557199,959,Request
1639413557350,915,Request
1639413557502,770,Request
1639413557677,596,Request
1639413557740,533,Request
1639413557251,1023,Request
1639413557320,975,Request
1639413557337,968,Request
1639413556843,1473,Request
1639413557412,906,Request
1639413557591,731,Request
1639413557596,726,Request
1639413557253,1070,Request
1639413557246,1077,Request
1639413557384,939,Request
1639413557602,721,Request
1639413557253,1071,Request
1639413557347,977,Request
1639413557453,889,Request
1639413557516,858,Request
1639413557710,683,Request
1639413557572,851,Request
1639413557594,882,Request
1639413557647,856,Request
1639413557602,922,Request
1639413557723,807,Request
1639413557602,931,Request
1639413557760,812,Request
1639413557974,600,Request
1639413557931,669,Request
1639413557996,665,Request
1639413557778,896,Request
1639413557751,929,Request
1639413557751,940,Request
1639413557729,974,Request
1639413557930,784,Request
1639413557721,1003,Request
1639413558044,737,Request
1639413558020,776,Request
1639413558046,766,Request
1639413557964,849,Request
1639413557551,1287,Request
1639413558048,804,Request
1639413558103,759,Request
1639413558049,825,Request
1639413558118,757,Request
1639413558043,858,Request
1639413558081,888,Request
1639413558050,919,Request
1639413558044,948,Request
1639413558159,889,Request
1639413558265,795,Request
1639413558274,811,Request
1639413558322,788,Request
1639413558322,814,Request
1639413558323,818,Request
1639413558447,717,Request
1639413558323,847,Request
1639413558394,788,Request
1639413558318,875,Request
1639413558446,809,Request
1639413558374,882,Request
1639413558324,934,Request
1639413558323,936,Request
1639413558323,937,Request
1639413558272,989,Request
1639413558342,919,Request
1639413558295,967,Request
1639413558477,787,Request
1639413558504,762,Request
1639413558306,960,Request
1639413558324,967,Request
1639413558423,873,Request
1639413558642,686,Request
1639413558524,809,Request
1639413558533,819,Request
1639413558530,880,Request
1639413558781,632,Request
1639413558600,820,Request
1639413558680,751,Request
1639413558573,861,Request
1639413558812,625,Request
1639413558316,1125,Request
1639413558670,773,Request
1639413558862,586,Request
1639413558852,598,Request
1639413558874,577,Request
1639413558691,760,Request
1639413558729,722,Request
1639413558703,758,Request
1639413558714,750,Request
1639413558796,669,Request
1639413558675,790,Request
1639413558875,592,Request
1639413558901,567,Request
1639413558813,664,Request
1639413558838,651,Request
